follower_following_ratio,user_biography_length,user_follower_count,user_following_count,user_has_profil_pic,user_is_private,user_media_count,username_digit_count,username_length,is_fake
0.0129065565307176,0.0,25.0,1937.0,1.0,1.0,0.0,0.0,10.0,1.0
0.0786026200873362,0.0,324.0,4122.0,1.0,0.0,0.0,4.0,15.0,1.0
0.037593984962406,0.0,15.0,399.0,0.0,0.0,0.0,3.0,12.0,1.0
0.1308411214953271,0.0,14.0,107.0,1.0,0.0,1.0,1.0,10.0,1.0
0.0567619866695334,0.0,264.0,4651.0,1.0,0.0,0.0,0.0,14.0,1.0
0.0224489795918367,0.0,33.0,1470.0,1.0,1.0,2.0,4.0,13.0,1.0
0.0860126971124308,30.0,420.0,4883.0,1.0,0.0,8.0,0.0,12.0,1.0
0.0663464425097568,0.0,442.0,6662.0,1.0,0.0,396.0,0.0,11.0,1.0
0.1088435374149659,0.0,816.0,7497.0,1.0,0.0,85.0,3.0,15.0,1.0
0.0226210224702156,1.0,150.0,6631.0,1.0,1.0,0.0,3.0,8.0,1.0
0.0326298250485976,0.0,235.0,7202.0,1.0,1.0,1.0,2.0,14.0,1.0
0.072901325478645,0.0,99.0,1358.0,1.0,0.0,1.0,3.0,7.0,1.0
0.0089353324246554,0.0,59.0,6603.0,0.0,1.0,0.0,0.0,12.0,1.0
0.0223463687150838,0.0,4.0,179.0,1.0,0.0,1.0,0.0,17.0,1.0
0.0381604696673189,58.0,39.0,1022.0,0.0,0.0,0.0,3.0,30.0,1.0
0.3478260869565217,0.0,8.0,23.0,0.0,0.0,0.0,0.0,10.0,1.0
1.7087912087912087,26.0,622.0,364.0,0.0,0.0,2.0,0.0,9.0,1.0
0.178743961352657,0.0,37.0,207.0,0.0,0.0,0.0,0.0,15.0,1.0
0.2704918032786885,34.0,66.0,244.0,0.0,0.0,0.0,0.0,11.0,1.0
8.0,0.0,32.0,4.0,1.0,0.0,1.0,2.0,10.0,1.0
0.0762711864406779,0.0,27.0,354.0,1.0,1.0,0.0,4.0,10.0,1.0
0.4433962264150943,0.0,47.0,106.0,0.0,0.0,0.0,3.0,11.0,1.0
0.1838235294117647,0.0,25.0,136.0,0.0,1.0,0.0,2.0,8.0,1.0
0.0205761316872428,0.0,5.0,243.0,0.0,1.0,1.0,0.0,12.0,1.0
0.0,0.0,0.0,848.0,0.0,1.0,0.0,4.0,9.0,1.0
0.0385830700149675,111.0,232.0,6013.0,1.0,0.0,1.0,1.0,20.0,1.0
0.9907235621521336,11.0,534.0,539.0,1.0,0.0,0.0,0.0,11.0,1.0
0.125,0.0,1.0,8.0,0.0,0.0,0.0,0.0,11.0,1.0
0.0,0.0,0.0,126.0,1.0,1.0,0.0,0.0,5.0,1.0
0.0649350649350649,0.0,5.0,77.0,1.0,0.0,0.0,4.0,10.0,1.0
0.0,0.0,0.0,6.0,0.0,1.0,0.0,7.0,11.0,1.0
0.0433839479392624,16.0,80.0,1844.0,1.0,1.0,1.0,0.0,9.0,1.0
0.1022326674500587,53.0,87.0,851.0,1.0,0.0,0.0,0.0,8.0,1.0
0.0180910792264504,89.0,29.0,1603.0,1.0,0.0,2.0,0.0,11.0,1.0
0.1412235563178959,0.0,247.0,1749.0,1.0,0.0,3.0,4.0,10.0,1.0
0.127809607756721,0.0,290.0,2269.0,0.0,1.0,0.0,0.0,12.0,1.0
0.0044101433296582,16.0,12.0,2721.0,1.0,1.0,1.0,0.0,13.0,1.0
0.0182467274890916,0.0,46.0,2521.0,0.0,0.0,0.0,2.0,12.0,1.0
0.0010136847440446,13.0,2.0,1973.0,0.0,1.0,0.0,1.0,11.0,1.0
0.0058866813833701,0.0,8.0,1359.0,1.0,0.0,0.0,0.0,8.0,1.0
0.0179640718562874,10.0,36.0,2004.0,0.0,1.0,6.0,2.0,13.0,1.0
0.0186680121089808,8.0,37.0,1982.0,1.0,0.0,1.0,3.0,9.0,1.0
0.0614919354838709,0.0,61.0,992.0,1.0,0.0,0.0,4.0,10.0,1.0
0.015436636283446,17.0,105.0,6802.0,1.0,0.0,0.0,0.0,6.0,1.0
0.081421864520456,20.0,607.0,7455.0,0.0,1.0,0.0,0.0,9.0,1.0
0.0081159420289855,0.0,14.0,1725.0,1.0,1.0,0.0,4.0,9.0,1.0
0.0192899077439194,0.0,69.0,3577.0,0.0,0.0,1.0,1.0,9.0,1.0
0.0135487232933819,0.0,26.0,1919.0,0.0,0.0,0.0,0.0,12.0,1.0
0.0070175438596491,0.0,12.0,1710.0,1.0,0.0,1.0,3.0,13.0,1.0
0.008714596949891,0.0,12.0,1377.0,0.0,0.0,0.0,5.0,15.0,1.0
0.0157358839864239,50.0,51.0,3241.0,1.0,1.0,0.0,2.0,13.0,1.0
0.0046811000585137,0.0,8.0,1709.0,1.0,1.0,0.0,2.0,7.0,1.0
0.2571285642821411,27.0,514.0,1999.0,1.0,0.0,0.0,0.0,6.0,1.0
0.0730850316233309,53.0,104.0,1423.0,0.0,0.0,0.0,0.0,13.0,1.0
0.0412524850894632,0.0,83.0,2012.0,1.0,1.0,0.0,2.0,12.0,1.0
0.0502183406113537,9.0,69.0,1374.0,1.0,1.0,0.0,1.0,7.0,1.0
0.1120381406436233,0.0,282.0,2517.0,1.0,0.0,5.0,2.0,11.0,1.0
0.0196078431372549,23.0,49.0,2499.0,1.0,0.0,1.0,4.0,17.0,1.0
0.0041679071152128,0.0,14.0,3359.0,1.0,0.0,0.0,1.0,7.0,1.0
0.0164044191496484,0.0,49.0,2987.0,0.0,0.0,0.0,0.0,8.0,1.0
0.0056449336720293,0.0,20.0,3543.0,0.0,0.0,0.0,1.0,11.0,1.0
0.0271786022433132,0.0,63.0,2318.0,1.0,0.0,0.0,4.0,9.0,1.0
0.0051867219917012,0.0,5.0,964.0,1.0,0.0,1.0,0.0,9.0,1.0
0.0702179176755447,0.0,58.0,826.0,1.0,0.0,0.0,4.0,12.0,1.0
0.0682382133995037,0.0,110.0,1612.0,0.0,1.0,0.0,4.0,12.0,1.0
0.022198731501057,0.0,21.0,946.0,1.0,0.0,1.0,1.0,10.0,1.0
0.0227617602427921,0.0,15.0,659.0,1.0,0.0,1.0,0.0,8.0,1.0
0.0026420079260237,0.0,2.0,757.0,1.0,0.0,0.0,3.0,13.0,1.0
0.0895415472779369,15.0,125.0,1396.0,1.0,1.0,0.0,2.0,12.0,1.0
0.0045366169799092,0.0,14.0,3086.0,1.0,0.0,1.0,0.0,11.0,1.0
0.0045300113250283,0.0,4.0,883.0,1.0,0.0,0.0,1.0,7.0,1.0
0.0057955742887249,37.0,11.0,1898.0,1.0,1.0,0.0,2.0,9.0,1.0
1.6787022501308215,0.0,3208.0,1911.0,0.0,0.0,0.0,5.0,15.0,1.0
0.0,0.0,0.0,2513.0,1.0,1.0,1.0,0.0,13.0,1.0
0.0878809355067328,85.0,124.0,1411.0,1.0,1.0,0.0,0.0,13.0,1.0
0.1590909090909091,0.0,441.0,2772.0,0.0,1.0,0.0,2.0,9.0,1.0
0.005656108597285,0.0,10.0,1768.0,0.0,0.0,0.0,4.0,14.0,1.0
0.0113913751017087,0.0,14.0,1229.0,0.0,1.0,4.0,0.0,14.0,1.0
0.0064698746461787,0.0,16.0,2473.0,0.0,0.0,0.0,0.0,13.0,1.0
0.0082520630157539,0.0,22.0,2666.0,0.0,1.0,0.0,2.0,9.0,1.0
0.009588493807431,0.0,24.0,2503.0,1.0,0.0,1.0,4.0,9.0,1.0
0.0129502225819506,0.0,32.0,2471.0,0.0,0.0,0.0,3.0,13.0,1.0
0.3072289156626506,0.0,102.0,332.0,0.0,0.0,0.0,1.0,7.0,1.0
0.0854838709677419,4.0,53.0,620.0,1.0,1.0,1.0,0.0,8.0,1.0
0.0050847457627118,0.0,9.0,1770.0,0.0,0.0,0.0,0.0,8.0,1.0
0.0051746442432082,0.0,12.0,2319.0,0.0,0.0,0.0,3.0,10.0,1.0
0.0033081285444234,0.0,7.0,2116.0,0.0,0.0,0.0,2.0,12.0,1.0
0.0209762000806776,0.0,52.0,2479.0,1.0,0.0,0.0,0.0,14.0,1.0
0.0077648363838047,0.0,14.0,1803.0,1.0,0.0,0.0,0.0,11.0,1.0
0.0165413533834586,0.0,22.0,1330.0,1.0,0.0,0.0,3.0,10.0,1.0
0.0025873221216041,0.0,4.0,1546.0,0.0,0.0,0.0,0.0,11.0,1.0
0.0272045028142589,0.0,58.0,2132.0,0.0,0.0,0.0,0.0,14.0,1.0
0.0039234919077979,0.0,8.0,2039.0,1.0,0.0,0.0,4.0,11.0,1.0
0.0054917623564653,0.0,22.0,4006.0,0.0,0.0,0.0,0.0,8.0,1.0
0.0037984299822739,0.0,15.0,3949.0,0.0,0.0,0.0,2.0,13.0,1.0
0.0076470588235294,0.0,26.0,3400.0,0.0,0.0,0.0,2.0,8.0,1.0
0.0081611833715888,70.0,32.0,3921.0,1.0,0.0,0.0,2.0,11.0,1.0
0.004749930148086,0.0,34.0,7158.0,0.0,0.0,0.0,1.0,10.0,1.0
0.0117529382345586,129.0,47.0,3999.0,1.0,1.0,0.0,0.0,12.0,1.0
0.9473684210526316,0.0,162.0,171.0,0.0,1.0,1.0,0.0,15.0,1.0
0.2870535714285714,0.0,643.0,2240.0,1.0,0.0,2.0,1.0,11.0,1.0
0.0615835777126099,0.0,147.0,2387.0,1.0,0.0,0.0,2.0,10.0,1.0
0.0075741181562432,0.0,35.0,4621.0,0.0,0.0,0.0,4.0,17.0,1.0
0.002351935001069,0.0,11.0,4677.0,0.0,0.0,0.0,3.0,8.0,1.0
0.0112700476809709,0.0,52.0,4614.0,1.0,0.0,0.0,0.0,14.0,1.0
0.0064289888953828,0.0,33.0,5133.0,1.0,0.0,2.0,8.0,13.0,1.0
0.0056807051909892,0.0,29.0,5105.0,0.0,0.0,0.0,5.0,18.0,1.0
0.0062434963579604,0.0,6.0,961.0,1.0,0.0,0.0,5.0,8.0,1.0
0.3368421052631579,70.0,64.0,190.0,1.0,0.0,3.0,0.0,16.0,1.0
0.0103388856978747,0.0,18.0,1741.0,0.0,0.0,0.0,0.0,11.0,1.0
0.0241588854305617,0.0,163.0,6747.0,1.0,0.0,3.0,0.0,10.0,1.0
0.0331491712707182,0.0,6.0,181.0,1.0,0.0,1.0,3.0,15.0,1.0
0.0130869899923017,0.0,17.0,1299.0,1.0,0.0,1.0,0.0,18.0,1.0
0.0601503759398496,0.0,16.0,266.0,0.0,0.0,0.0,2.0,14.0,1.0
0.1280334728033473,9.0,153.0,1195.0,1.0,0.0,0.0,0.0,9.0,1.0
0.0226460071513706,0.0,38.0,1678.0,0.0,0.0,0.0,5.0,19.0,1.0
0.4551495016611295,0.0,959.0,2107.0,1.0,0.0,3.0,0.0,8.0,1.0
0.0632984901277584,0.0,109.0,1722.0,1.0,1.0,8.0,5.0,11.0,1.0
0.071826280623608,0.0,129.0,1796.0,1.0,1.0,5.0,0.0,8.0,1.0
0.0137093615354484,0.0,35.0,2553.0,1.0,0.0,1.0,0.0,21.0,1.0
0.0069284064665127,0.0,6.0,866.0,0.0,1.0,2.0,0.0,10.0,1.0
0.004695996045477,0.0,19.0,4046.0,1.0,0.0,1.0,5.0,19.0,1.0
0.0362473347547974,110.0,34.0,938.0,1.0,0.0,3.0,0.0,15.0,1.0
0.1282117830262133,0.0,494.0,3853.0,1.0,0.0,1.0,4.0,18.0,1.0
0.0319148936170212,24.0,30.0,940.0,1.0,0.0,3.0,0.0,10.0,1.0
0.0186781609195402,85.0,26.0,1392.0,1.0,0.0,3.0,1.0,13.0,1.0
0.3125,0.0,5.0,16.0,0.0,1.0,0.0,0.0,9.0,1.0
0.0712377560106856,0.0,160.0,2246.0,1.0,0.0,1.0,3.0,10.0,1.0
0.2681564245810056,0.0,48.0,179.0,1.0,0.0,4.0,0.0,8.0,1.0
0.0708762886597938,6.0,55.0,776.0,1.0,0.0,1.0,0.0,11.0,1.0
0.0691823899371069,0.0,11.0,159.0,0.0,0.0,1.0,3.0,14.0,1.0
0.095954356846473,74.0,185.0,1928.0,1.0,0.0,3.0,0.0,12.0,1.0
0.0048715677590788,0.0,11.0,2258.0,1.0,0.0,3.0,0.0,18.0,1.0
0.0156165858912224,19.0,29.0,1857.0,1.0,0.0,1.0,3.0,8.0,1.0
0.081081081081081,14.0,39.0,481.0,1.0,0.0,2.0,0.0,19.0,1.0
2.290322580645161,57.0,71.0,31.0,1.0,0.0,3.0,1.0,11.0,1.0
0.0198675496688741,0.0,3.0,151.0,0.0,1.0,0.0,0.0,16.0,1.0
0.0005534034311012,0.0,1.0,1807.0,0.0,1.0,0.0,2.0,12.0,1.0
0.0394736842105263,0.0,3.0,76.0,1.0,1.0,0.0,2.0,12.0,1.0
0.1447368421052631,0.0,11.0,76.0,0.0,0.0,0.0,2.0,13.0,1.0
0.0149253731343283,0.0,1.0,67.0,0.0,1.0,0.0,0.0,8.0,1.0
0.7073170731707317,0.0,29.0,41.0,0.0,1.0,0.0,0.0,9.0,1.0
0.0,0.0,0.0,3.0,0.0,0.0,0.0,3.0,10.0,1.0
0.1140350877192982,0.0,13.0,114.0,0.0,0.0,0.0,4.0,9.0,1.0
0.0928961748633879,0.0,17.0,183.0,0.0,1.0,0.0,1.0,10.0,1.0
0.0344827586206896,0.0,24.0,696.0,0.0,1.0,0.0,0.0,9.0,1.0
0.019108280254777,0.0,3.0,157.0,0.0,1.0,0.0,4.0,9.0,1.0
0.0,0.0,0.0,54.0,0.0,1.0,0.0,0.0,11.0,1.0
0.0319767441860465,24.0,11.0,344.0,0.0,1.0,0.0,4.0,9.0,1.0
0.0035460992907801,0.0,1.0,282.0,0.0,1.0,0.0,0.0,15.0,1.0
0.0,0.0,0.0,577.0,0.0,1.0,0.0,0.0,14.0,1.0
0.0,0.0,0.0,434.0,0.0,1.0,0.0,0.0,12.0,1.0
0.0350877192982456,0.0,2.0,57.0,0.0,0.0,0.0,2.0,10.0,1.0
0.1830985915492957,0.0,26.0,142.0,0.0,0.0,0.0,0.0,9.0,1.0
0.4414414414414414,0.0,49.0,111.0,0.0,1.0,0.0,5.0,10.0,1.0
0.0078740157480314,0.0,1.0,127.0,1.0,1.0,0.0,0.0,10.0,1.0
0.0329218106995884,0.0,16.0,486.0,1.0,1.0,0.0,0.0,13.0,1.0
0.077639751552795,0.0,25.0,322.0,1.0,0.0,0.0,0.0,8.0,1.0
0.0,0.0,0.0,194.0,1.0,1.0,0.0,0.0,9.0,1.0
0.0,14.0,0.0,174.0,1.0,1.0,0.0,1.0,9.0,1.0
0.0,0.0,0.0,524.0,1.0,1.0,0.0,0.0,6.0,1.0
0.0108695652173913,0.0,5.0,460.0,1.0,1.0,1.0,1.0,7.0,1.0
0.0,0.0,0.0,753.0,1.0,1.0,9.0,0.0,13.0,1.0
0.0,0.0,0.0,140.0,1.0,1.0,0.0,2.0,7.0,1.0
0.040170826104364,0.0,301.0,7493.0,1.0,1.0,0.0,4.0,10.0,1.0
0.0531101168999855,0.0,368.0,6929.0,1.0,0.0,2.0,0.0,7.0,1.0
0.0165323413928497,10.0,80.0,4839.0,1.0,0.0,5.0,0.0,8.0,1.0
0.0061974324922532,0.0,28.0,4518.0,1.0,0.0,1.0,2.0,6.0,1.0
0.1285302593659942,0.0,223.0,1735.0,1.0,0.0,6.0,2.0,9.0,1.0
0.1268115942028985,0.0,140.0,1104.0,1.0,0.0,3.0,0.0,15.0,1.0
0.0606709493219129,130.0,85.0,1401.0,1.0,0.0,9.0,3.0,16.0,1.0
0.0146520146520146,35.0,32.0,2184.0,1.0,0.0,2.0,2.0,18.0,1.0
0.0092366204835642,36.0,34.0,3681.0,1.0,0.0,1.0,0.0,9.0,1.0
0.0057636887608069,0.0,14.0,2429.0,1.0,0.0,1.0,0.0,16.0,1.0
0.0109126984126984,12.0,11.0,1008.0,1.0,0.0,1.0,0.0,12.0,1.0
0.0460048426150121,50.0,228.0,4956.0,1.0,1.0,1.0,3.0,9.0,1.0
0.9172413793103448,0.0,133.0,145.0,1.0,0.0,4.0,0.0,15.0,1.0
0.1073312236286919,0.0,407.0,3792.0,1.0,0.0,1.0,3.0,9.0,1.0
0.1782729805013927,0.0,64.0,359.0,1.0,0.0,6.0,0.0,7.0,1.0
0.0673526660430308,0.0,288.0,4276.0,1.0,0.0,1.0,5.0,9.0,1.0
0.0628197258031512,3.0,307.0,4887.0,1.0,0.0,3.0,0.0,22.0,1.0
0.3308270676691729,0.0,88.0,266.0,1.0,0.0,1.0,0.0,9.0,1.0
0.0632911392405063,0.0,145.0,2291.0,0.0,0.0,1.0,7.0,15.0,1.0
0.1552511415525114,0.0,34.0,219.0,0.0,0.0,2.0,0.0,20.0,1.0
0.2669902912621359,0.0,165.0,618.0,1.0,0.0,0.0,0.0,8.0,1.0
0.2194148936170212,0.0,165.0,752.0,0.0,1.0,0.0,3.0,8.0,1.0
0.0764556962025316,0.0,151.0,1975.0,0.0,1.0,0.0,4.0,9.0,1.0
0.48,0.0,12.0,25.0,0.0,0.0,0.0,0.0,9.0,1.0
0.3977407847800238,0.0,1338.0,3364.0,0.0,1.0,0.0,0.0,10.0,1.0
0.1056375131717597,0.0,401.0,3796.0,0.0,0.0,0.0,3.0,10.0,1.0
0.1281618887015177,0.0,228.0,1779.0,0.0,0.0,0.0,10.0,11.0,1.0
0.2998935604044704,0.0,1127.0,3758.0,1.0,1.0,3.0,6.0,9.0,1.0
0.0,0.0,0.0,0.0,0.0,0.0,0.0,4.0,10.0,1.0
1.0,90.0,1.0,0.0,1.0,0.0,9.0,1.0,19.0,1.0
1.0,59.0,1.0,1.0,1.0,0.0,7.0,4.0,15.0,1.0
0.0,138.0,0.0,25.0,1.0,0.0,6.0,0.0,10.0,1.0
0.0,52.0,0.0,0.0,1.0,0.0,6.0,3.0,7.0,1.0
0.0,92.0,0.0,1.0,1.0,0.0,9.0,1.0,15.0,1.0
1.0,60.0,1.0,0.0,1.0,0.0,5.0,1.0,13.0,1.0
0.0,108.0,0.0,0.0,1.0,0.0,6.0,2.0,10.0,1.0
1.084033613445378,0.0,258.0,238.0,1.0,0.0,0.0,0.0,10.0,0.0
0.5456431535269709,30.0,263.0,482.0,1.0,1.0,29.0,0.0,8.0,0.0
0.6538461538461539,9.0,51.0,78.0,1.0,1.0,0.0,0.0,10.0,0.0
0.61875,22.0,297.0,480.0,1.0,1.0,25.0,2.0,9.0,0.0
0.4669421487603306,0.0,113.0,242.0,1.0,1.0,95.0,0.0,10.0,0.0
0.5477386934673367,26.0,545.0,995.0,1.0,1.0,340.0,0.0,8.0,0.0
0.4297520661157025,0.0,52.0,121.0,1.0,1.0,30.0,0.0,9.0,0.0
0.1563253012048192,0.0,1038.0,6640.0,1.0,0.0,156.0,0.0,12.0,0.0
0.7577092511013216,51.0,172.0,227.0,1.0,0.0,10.0,0.0,10.0,0.0
0.8859649122807017,14.0,101.0,114.0,1.0,1.0,4.0,0.0,15.0,0.0
1.0121457489878545,31.0,250.0,247.0,1.0,0.0,4.0,0.0,7.0,0.0
0.6100443131462334,0.0,413.0,677.0,1.0,1.0,38.0,0.0,15.0,0.0
0.9197860962566844,1.0,172.0,187.0,1.0,1.0,7.0,0.0,10.0,0.0
0.7406593406593407,0.0,337.0,455.0,1.0,1.0,2.0,0.0,14.0,0.0
0.7354838709677419,29.0,114.0,155.0,1.0,1.0,8.0,2.0,12.0,0.0
1.0545454545454545,0.0,174.0,165.0,1.0,1.0,76.0,1.0,9.0,0.0
1.0276243093922652,36.0,372.0,362.0,1.0,1.0,13.0,0.0,7.0,0.0
1.0242424242424242,41.0,338.0,330.0,1.0,0.0,17.0,0.0,12.0,0.0
3.721753794266442,47.0,2207.0,593.0,1.0,0.0,198.0,0.0,15.0,0.0
1.0951219512195125,19.0,449.0,410.0,1.0,1.0,19.0,0.0,8.0,0.0
0.6882966396292005,105.0,594.0,863.0,1.0,1.0,276.0,0.0,9.0,0.0
0.8887434554973822,23.0,679.0,764.0,1.0,1.0,39.0,0.0,11.0,0.0
1.0556586270871986,41.0,569.0,539.0,1.0,1.0,95.0,0.0,11.0,0.0
0.994475138121547,0.0,540.0,543.0,1.0,1.0,73.0,0.0,12.0,0.0
1.1983695652173914,25.0,441.0,368.0,1.0,1.0,30.0,0.0,8.0,0.0
1.2527472527472527,37.0,570.0,455.0,1.0,1.0,120.0,0.0,10.0,0.0
0.3303411131059246,16.0,368.0,1114.0,1.0,0.0,69.0,0.0,8.0,0.0
0.9783950617283952,59.0,634.0,648.0,1.0,0.0,21.0,0.0,9.0,0.0
1.274582560296846,18.0,687.0,539.0,1.0,0.0,78.0,0.0,9.0,0.0
1.4019370460048426,36.0,579.0,413.0,1.0,0.0,221.0,0.0,11.0,0.0
1.0358126721763086,0.0,752.0,726.0,1.0,1.0,312.0,0.0,12.0,0.0
1.2551020408163265,0.0,861.0,686.0,1.0,0.0,323.0,0.0,9.0,0.0
1.453804347826087,122.0,535.0,368.0,1.0,1.0,49.0,0.0,18.0,0.0
1.0365448504983388,39.0,1872.0,1806.0,1.0,1.0,374.0,0.0,11.0,0.0
1.7248322147651007,33.0,257.0,149.0,1.0,0.0,39.0,0.0,7.0,0.0
6.330645161290323,63.0,3140.0,496.0,1.0,1.0,807.0,0.0,5.0,0.0
0.6590604026845638,0.0,491.0,745.0,1.0,1.0,373.0,3.0,16.0,0.0
0.821969696969697,23.0,434.0,528.0,1.0,1.0,93.0,0.0,9.0,0.0
1.2819593787335724,0.0,1073.0,837.0,1.0,1.0,49.0,0.0,14.0,0.0
1.0705800139762405,57.0,1532.0,1431.0,1.0,1.0,313.0,0.0,11.0,0.0
0.8422857142857143,87.0,737.0,875.0,1.0,0.0,53.0,0.0,10.0,0.0
0.9490084985835694,26.0,335.0,353.0,1.0,1.0,2.0,0.0,14.0,0.0
1.0961538461538465,47.0,399.0,364.0,1.0,1.0,9.0,0.0,16.0,0.0
0.9393939393939394,0.0,310.0,330.0,1.0,1.0,0.0,1.0,5.0,0.0
1.0343007915567282,21.0,392.0,379.0,1.0,0.0,8.0,0.0,13.0,0.0
0.8763440860215054,0.0,163.0,186.0,1.0,1.0,0.0,0.0,8.0,0.0
0.908062234794908,8.0,642.0,707.0,1.0,1.0,10.0,0.0,12.0,0.0
0.7425,28.0,594.0,800.0,1.0,1.0,21.0,0.0,12.0,0.0
0.97682119205298,11.0,295.0,302.0,1.0,1.0,2.0,0.0,11.0,0.0
0.699443413729128,76.0,377.0,539.0,1.0,0.0,40.0,0.0,11.0,0.0
0.8778625954198473,0.0,345.0,393.0,1.0,1.0,2.0,0.0,8.0,0.0
1.0106060606060605,0.0,667.0,660.0,1.0,1.0,20.0,0.0,7.0,0.0
0.5688524590163935,44.0,347.0,610.0,1.0,1.0,14.0,2.0,14.0,0.0
0.8994708994708994,27.0,340.0,378.0,1.0,1.0,9.0,0.0,12.0,0.0
1.1639344262295082,110.0,1136.0,976.0,1.0,1.0,188.0,0.0,10.0,0.0
1.0248756218905473,10.0,206.0,201.0,1.0,1.0,16.0,0.0,9.0,0.0
0.9561883899233296,66.0,873.0,913.0,1.0,1.0,52.0,1.0,15.0,0.0
1.2901785714285714,59.0,289.0,224.0,1.0,1.0,10.0,0.0,16.0,0.0
0.8585858585858586,0.0,510.0,594.0,1.0,1.0,25.0,0.0,11.0,0.0
1.2407407407407407,2.0,804.0,648.0,1.0,1.0,29.0,0.0,13.0,0.0
1.0207156308851224,41.0,542.0,531.0,1.0,1.0,78.0,0.0,14.0,0.0
0.9297297297297298,57.0,516.0,555.0,1.0,1.0,39.0,0.0,12.0,0.0
1.0951276102088168,32.0,472.0,431.0,1.0,1.0,59.0,0.0,9.0,0.0
1.1129032258064515,10.0,138.0,124.0,1.0,1.0,2.0,0.0,13.0,0.0
0.6340694006309149,79.0,201.0,317.0,1.0,1.0,14.0,0.0,8.0,0.0
0.9669421487603306,4.0,234.0,242.0,1.0,1.0,11.0,0.0,11.0,0.0
0.9869281045751634,27.0,302.0,306.0,1.0,1.0,37.0,0.0,11.0,0.0
0.7522464698331194,0.0,586.0,779.0,1.0,0.0,88.0,0.0,9.0,0.0
0.6341463414634146,0.0,260.0,410.0,1.0,1.0,3.0,0.0,7.0,0.0
0.7421259842519685,0.0,377.0,508.0,1.0,1.0,25.0,0.0,10.0,0.0
1.1043307086614174,45.0,561.0,508.0,1.0,0.0,114.0,0.0,9.0,0.0
1.119751166407465,16.0,720.0,643.0,1.0,1.0,93.0,0.0,13.0,0.0
0.6100443131462334,0.0,413.0,677.0,1.0,1.0,38.0,0.0,15.0,0.0
0.997596153846154,67.0,415.0,416.0,1.0,1.0,45.0,0.0,9.0,0.0
0.8546712802768166,35.0,247.0,289.0,1.0,1.0,70.0,0.0,14.0,0.0
0.8209718670076727,0.0,321.0,391.0,1.0,1.0,1.0,0.0,12.0,0.0
1.299079754601227,6.0,847.0,652.0,1.0,0.0,83.0,0.0,7.0,0.0
0.9659442724458204,22.0,312.0,323.0,1.0,1.0,12.0,0.0,7.0,0.0
1.255868544600939,13.0,535.0,426.0,1.0,0.0,60.0,0.0,12.0,0.0
0.99079754601227,28.0,323.0,326.0,1.0,1.0,8.0,0.0,9.0,0.0
0.406396255850234,0.0,521.0,1282.0,1.0,1.0,156.0,0.0,13.0,0.0
0.902097902097902,24.0,258.0,286.0,1.0,1.0,5.0,0.0,9.0,0.0
0.9300911854103344,128.0,306.0,329.0,1.0,1.0,11.0,0.0,9.0,0.0
0.8338762214983714,6.0,256.0,307.0,1.0,1.0,12.0,0.0,11.0,0.0
1.141914191419142,14.0,346.0,303.0,1.0,0.0,16.0,0.0,11.0,0.0
1.1235955056179776,15.0,300.0,267.0,1.0,0.0,22.0,0.0,10.0,0.0
1.0,8.0,230.0,230.0,1.0,1.0,2.0,0.0,12.0,0.0
0.9591078066914498,10.0,516.0,538.0,1.0,1.0,20.0,0.0,14.0,0.0
1.0118110236220472,76.0,257.0,254.0,1.0,1.0,26.0,0.0,7.0,0.0
0.8126520681265207,40.0,334.0,411.0,1.0,0.0,21.0,0.0,16.0,0.0
0.4924242424242424,27.0,195.0,396.0,1.0,1.0,31.0,0.0,14.0,0.0
0.7872340425531915,53.0,740.0,940.0,1.0,1.0,483.0,0.0,9.0,0.0
0.9912536443148688,0.0,340.0,343.0,1.0,1.0,8.0,0.0,11.0,0.0
0.8763557483731019,0.0,404.0,461.0,1.0,0.0,1.0,0.0,15.0,0.0
0.615625,0.0,197.0,320.0,1.0,1.0,9.0,0.0,10.0,0.0
1.1560975609756097,74.0,474.0,410.0,1.0,1.0,33.0,0.0,14.0,0.0
1.392156862745098,19.0,213.0,153.0,1.0,1.0,209.0,0.0,8.0,0.0
1.3257790368271956,35.0,936.0,706.0,1.0,1.0,61.0,1.0,16.0,0.0
1.0561224489795915,0.0,207.0,196.0,1.0,1.0,7.0,0.0,11.0,0.0
0.8369565217391305,0.0,77.0,92.0,1.0,1.0,0.0,0.0,10.0,0.0
0.8579545454545454,24.0,453.0,528.0,1.0,1.0,75.0,0.0,15.0,0.0
0.8643067846607669,12.0,293.0,339.0,1.0,1.0,92.0,0.0,10.0,0.0
0.9517102615694164,8.0,473.0,497.0,1.0,1.0,16.0,0.0,12.0,0.0
0.8692660550458715,7.0,379.0,436.0,1.0,1.0,56.0,0.0,12.0,0.0
0.8273195876288659,85.0,642.0,776.0,1.0,1.0,236.0,4.0,15.0,0.0
0.8905852417302799,26.0,350.0,393.0,1.0,1.0,19.0,0.0,8.0,0.0
0.907608695652174,33.0,167.0,184.0,1.0,1.0,10.0,2.0,10.0,0.0
0.6779279279279279,81.0,301.0,444.0,1.0,1.0,60.0,0.0,6.0,0.0
1.0634920634920637,74.0,536.0,504.0,1.0,1.0,134.0,0.0,15.0,0.0
1.202572347266881,0.0,374.0,311.0,1.0,1.0,23.0,0.0,10.0,0.0
0.9970845481049564,50.0,342.0,343.0,1.0,1.0,56.0,2.0,6.0,0.0
1.1465076660988074,41.0,673.0,587.0,1.0,1.0,11.0,0.0,11.0,0.0
0.8765432098765432,60.0,426.0,486.0,1.0,0.0,110.0,0.0,12.0,0.0
0.6424702058504875,13.0,593.0,923.0,1.0,1.0,34.0,0.0,9.0,0.0
1.1178571428571429,0.0,313.0,280.0,1.0,0.0,13.0,0.0,15.0,0.0
0.6532438478747203,0.0,292.0,447.0,1.0,1.0,47.0,0.0,10.0,0.0
0.8962264150943396,0.0,95.0,106.0,1.0,1.0,0.0,0.0,7.0,0.0
0.8571428571428571,14.0,186.0,217.0,1.0,0.0,5.0,0.0,12.0,0.0
0.4568106312292359,43.0,275.0,602.0,1.0,1.0,25.0,0.0,8.0,0.0
0.5517241379310345,0.0,96.0,174.0,0.0,1.0,1.0,0.0,15.0,0.0
0.2152406417112299,0.0,322.0,1496.0,0.0,1.0,53.0,4.0,10.0,0.0
0.9867021276595744,0.0,371.0,376.0,1.0,1.0,3.0,0.0,6.0,0.0
0.85,17.0,153.0,180.0,1.0,1.0,6.0,0.0,11.0,0.0
1.015625,0.0,585.0,576.0,1.0,1.0,43.0,0.0,12.0,0.0
0.8408304498269896,0.0,486.0,578.0,1.0,0.0,3.0,4.0,17.0,0.0
0.767175572519084,3.0,402.0,524.0,1.0,1.0,79.0,0.0,8.0,0.0
1.0,25.0,527.0,527.0,1.0,1.0,10.0,4.0,10.0,0.0
0.8374558303886925,0.0,237.0,283.0,1.0,1.0,0.0,0.0,10.0,0.0
0.9727272727272728,32.0,321.0,330.0,1.0,1.0,8.0,0.0,6.0,0.0
1.0262172284644195,19.0,274.0,267.0,1.0,1.0,3.0,0.0,10.0,0.0
0.5019157088122606,0.0,262.0,522.0,1.0,0.0,11.0,2.0,11.0,0.0
0.9478260869565216,0.0,109.0,115.0,1.0,1.0,0.0,0.0,18.0,0.0
0.8909853249475891,4.0,425.0,477.0,1.0,1.0,137.0,0.0,11.0,0.0
0.1142857142857142,10.0,36.0,315.0,1.0,0.0,0.0,0.0,11.0,0.0
1.2536382536382535,0.0,1206.0,962.0,1.0,1.0,141.0,0.0,11.0,0.0
0.7839195979899497,42.0,156.0,199.0,1.0,0.0,2.0,0.0,11.0,0.0
0.7867036011080333,45.0,284.0,361.0,1.0,1.0,41.0,0.0,19.0,0.0
0.5044843049327354,0.0,225.0,446.0,1.0,0.0,53.0,0.0,11.0,0.0
0.8871794871794871,14.0,346.0,390.0,1.0,1.0,8.0,0.0,9.0,0.0
0.8968253968253969,61.0,339.0,378.0,1.0,1.0,1.0,0.0,15.0,0.0
1.317157712305026,20.0,760.0,577.0,1.0,0.0,15.0,0.0,9.0,0.0
0.986425339366516,10.0,218.0,221.0,1.0,1.0,8.0,0.0,15.0,0.0
0.972560975609756,23.0,319.0,328.0,1.0,1.0,6.0,0.0,11.0,0.0
1.028397565922921,59.0,507.0,493.0,1.0,1.0,25.0,0.0,12.0,0.0
0.8133140376266281,18.0,562.0,691.0,1.0,1.0,21.0,0.0,12.0,0.0
1.0274509803921568,0.0,524.0,510.0,1.0,1.0,18.0,0.0,9.0,0.0
0.4352331606217616,0.0,252.0,579.0,1.0,1.0,0.0,0.0,14.0,0.0
0.9095477386934674,0.0,181.0,199.0,0.0,1.0,3.0,1.0,21.0,0.0
0.9680851063829788,19.0,182.0,188.0,1.0,1.0,24.0,0.0,7.0,0.0
1.3350515463917525,22.0,777.0,582.0,1.0,0.0,29.0,0.0,13.0,0.0
0.9145907473309608,17.0,257.0,281.0,1.0,1.0,11.0,0.0,8.0,0.0
1.0480769230769231,22.0,109.0,104.0,1.0,0.0,20.0,0.0,13.0,0.0
0.8943661971830986,0.0,127.0,142.0,1.0,1.0,6.0,0.0,13.0,0.0
1.483009708737864,139.0,611.0,412.0,1.0,1.0,12.0,0.0,13.0,0.0
0.3726027397260274,0.0,136.0,365.0,1.0,1.0,19.0,0.0,14.0,0.0
0.9962264150943396,34.0,264.0,265.0,1.0,1.0,4.0,0.0,10.0,0.0
1.1550387596899223,12.0,447.0,387.0,1.0,1.0,31.0,0.0,12.0,0.0
0.87890625,0.0,225.0,256.0,1.0,1.0,1.0,0.0,10.0,0.0
0.4136904761904761,25.0,278.0,672.0,1.0,1.0,21.0,0.0,15.0,0.0
0.6877828054298643,0.0,152.0,221.0,1.0,0.0,117.0,0.0,11.0,0.0
0.8579387186629527,0.0,616.0,718.0,1.0,1.0,35.0,0.0,12.0,0.0
0.967479674796748,65.0,357.0,369.0,1.0,1.0,6.0,0.0,11.0,0.0
0.240506329113924,0.0,38.0,158.0,0.0,1.0,1.0,0.0,14.0,0.0
1.0101522842639594,74.0,199.0,197.0,1.0,0.0,6.0,0.0,10.0,0.0
1.174025974025974,49.0,452.0,385.0,1.0,0.0,172.0,0.0,6.0,0.0
0.8493589743589743,93.0,265.0,312.0,1.0,1.0,53.0,0.0,9.0,0.0
0.9509803921568628,115.0,485.0,510.0,1.0,1.0,24.0,0.0,13.0,0.0
1.0466101694915255,1.0,247.0,236.0,1.0,1.0,12.0,0.0,12.0,0.0
0.9050715214564368,30.0,696.0,769.0,1.0,0.0,11.0,3.0,16.0,0.0
1.1958041958041958,35.0,342.0,286.0,1.0,1.0,18.0,0.0,13.0,0.0
0.6948529411764706,0.0,189.0,272.0,1.0,1.0,8.0,0.0,12.0,0.0
0.618020304568528,44.0,487.0,788.0,1.0,1.0,43.0,0.0,8.0,0.0
0.9066666666666666,0.0,68.0,75.0,1.0,0.0,17.0,0.0,15.0,0.0
0.975206611570248,10.0,354.0,363.0,1.0,0.0,40.0,0.0,11.0,0.0
0.6693386773547094,34.0,334.0,499.0,1.0,1.0,30.0,0.0,12.0,0.0
0.9470404984423676,32.0,304.0,321.0,1.0,1.0,23.0,0.0,11.0,0.0
0.9112903225806452,42.0,226.0,248.0,1.0,0.0,19.0,0.0,6.0,0.0
0.8307210031347962,21.0,265.0,319.0,1.0,1.0,58.0,0.0,11.0,0.0
1.0582329317269077,40.0,527.0,498.0,1.0,1.0,42.0,1.0,11.0,0.0
0.6240458015267175,0.0,327.0,524.0,1.0,1.0,24.0,0.0,13.0,0.0
0.8871794871794871,4.0,173.0,195.0,1.0,1.0,0.0,0.0,14.0,0.0
0.2800441014332965,0.0,254.0,907.0,1.0,1.0,34.0,0.0,13.0,0.0
0.8321428571428572,0.0,233.0,280.0,1.0,0.0,23.0,0.0,7.0,0.0
0.9545454545454546,0.0,210.0,220.0,1.0,1.0,1.0,0.0,10.0,0.0
0.901662049861496,51.0,651.0,722.0,1.0,1.0,136.0,0.0,12.0,0.0
0.9518072289156626,0.0,237.0,249.0,1.0,1.0,36.0,0.0,11.0,0.0
0.4584269662921348,118.0,204.0,445.0,1.0,1.0,92.0,0.0,8.0,0.0
0.6907216494845361,0.0,268.0,388.0,1.0,1.0,3.0,0.0,8.0,0.0
0.6689497716894978,46.0,293.0,438.0,1.0,1.0,45.0,0.0,6.0,0.0
1.039156626506024,19.0,345.0,332.0,1.0,1.0,167.0,0.0,14.0,0.0
1.1766712141882674,135.0,1725.0,1466.0,1.0,1.0,245.0,0.0,17.0,0.0
0.886039886039886,0.0,311.0,351.0,1.0,0.0,63.0,0.0,11.0,0.0
0.7272727272727273,23.0,224.0,308.0,1.0,1.0,59.0,0.0,16.0,0.0
0.620253164556962,0.0,245.0,395.0,1.0,1.0,10.0,0.0,8.0,0.0
0.7028985507246377,0.0,582.0,828.0,1.0,1.0,43.0,0.0,16.0,0.0
0.7814685314685315,83.0,447.0,572.0,1.0,1.0,120.0,0.0,15.0,0.0
0.8048780487804879,6.0,165.0,205.0,1.0,0.0,0.0,0.0,8.0,0.0
0.9033816425120772,9.0,187.0,207.0,1.0,1.0,16.0,0.0,9.0,0.0
1.4273504273504274,0.0,334.0,234.0,1.0,1.0,16.0,0.0,12.0,0.0
1.1045045045045043,27.0,613.0,555.0,1.0,1.0,121.0,0.0,11.0,0.0
1.049056603773585,0.0,278.0,265.0,1.0,0.0,155.0,0.0,9.0,0.0
1.582857142857143,0.0,277.0,175.0,1.0,0.0,65.0,0.0,9.0,0.0
0.4115384615384615,0.0,107.0,260.0,1.0,1.0,0.0,0.0,13.0,0.0
1.105263157894737,44.0,735.0,665.0,1.0,1.0,19.0,0.0,11.0,0.0
0.8093645484949833,39.0,242.0,299.0,1.0,1.0,23.0,0.0,11.0,0.0
0.9675925925925926,19.0,209.0,216.0,1.0,1.0,14.0,0.0,13.0,0.0
0.834983498349835,0.0,253.0,303.0,1.0,1.0,7.0,0.0,9.0,0.0
0.9472049689440992,4.0,305.0,322.0,1.0,0.0,49.0,0.0,13.0,0.0
0.6287425149700598,0.0,105.0,167.0,1.0,1.0,0.0,0.0,7.0,0.0
1.03921568627451,78.0,371.0,357.0,1.0,1.0,19.0,0.0,12.0,0.0
0.8957345971563981,21.0,378.0,422.0,1.0,1.0,31.0,0.0,12.0,0.0
1.7534246575342465,51.0,384.0,219.0,1.0,1.0,11.0,0.0,12.0,0.0
0.8842544316996872,0.0,848.0,959.0,1.0,0.0,225.0,0.0,8.0,0.0
0.6137339055793991,0.0,143.0,233.0,1.0,1.0,1.0,0.0,13.0,0.0
0.3839080459770115,0.0,334.0,870.0,1.0,1.0,28.0,0.0,13.0,0.0
0.7365792759051186,43.0,590.0,801.0,1.0,0.0,76.0,2.0,13.0,0.0
0.6799007444168734,30.0,274.0,403.0,1.0,1.0,122.0,0.0,10.0,0.0
0.515850144092219,0.0,179.0,347.0,1.0,0.0,25.0,2.0,5.0,0.0
0.6203208556149733,0.0,116.0,187.0,1.0,1.0,0.0,0.0,12.0,0.0
1.2634408602150538,30.0,235.0,186.0,1.0,1.0,9.0,0.0,16.0,0.0
0.8951612903225806,0.0,222.0,248.0,1.0,1.0,40.0,0.0,13.0,0.0
1.0034602076124568,0.0,290.0,289.0,1.0,1.0,76.0,0.0,9.0,0.0
0.8173302107728337,13.0,349.0,427.0,1.0,1.0,14.0,4.0,12.0,0.0
0.9572649572649572,13.0,224.0,234.0,1.0,1.0,7.0,0.0,10.0,0.0
1.095617529880478,19.0,550.0,502.0,1.0,1.0,108.0,0.0,13.0,0.0
1.2826086956521738,0.0,118.0,92.0,1.0,1.0,3.0,0.0,8.0,0.0
0.700218818380744,14.0,320.0,457.0,1.0,0.0,1.0,0.0,8.0,0.0
1.1554054054054057,11.0,684.0,592.0,1.0,1.0,49.0,0.0,11.0,0.0
1.0063291139240509,0.0,477.0,474.0,0.0,1.0,0.0,0.0,9.0,0.0
0.7701149425287356,43.0,268.0,348.0,1.0,0.0,21.0,0.0,11.0,0.0
0.7248803827751196,115.0,303.0,418.0,1.0,1.0,92.0,0.0,13.0,0.0
0.3806584362139917,7.0,185.0,486.0,1.0,1.0,0.0,0.0,9.0,0.0
0.8525798525798526,66.0,347.0,407.0,1.0,1.0,11.0,0.0,17.0,0.0
0.4218362282878412,0.0,340.0,806.0,1.0,0.0,18.0,0.0,13.0,0.0
0.9090909090909092,0.0,350.0,385.0,1.0,1.0,63.0,0.0,8.0,0.0
1.2452229299363058,3.0,391.0,314.0,1.0,0.0,17.0,0.0,12.0,0.0
0.8898678414096917,9.0,404.0,454.0,1.0,1.0,26.0,0.0,11.0,0.0
1.0195195195195197,115.0,679.0,666.0,1.0,1.0,54.0,0.0,7.0,0.0
0.6982248520710059,21.0,236.0,338.0,1.0,1.0,23.0,0.0,11.0,0.0
1.439102564102564,150.0,898.0,624.0,1.0,1.0,141.0,0.0,15.0,0.0
1.0338266384778012,8.0,489.0,473.0,1.0,0.0,86.0,4.0,9.0,0.0
0.9818652849740932,0.0,379.0,386.0,1.0,0.0,31.0,0.0,11.0,0.0
0.996845425867508,110.0,316.0,317.0,1.0,1.0,101.0,0.0,7.0,0.0
0.7703583061889251,5.0,473.0,614.0,1.0,0.0,99.0,0.0,13.0,0.0
0.8957055214723927,69.0,146.0,163.0,1.0,1.0,63.0,0.0,9.0,0.0
0.757396449704142,36.0,256.0,338.0,1.0,1.0,39.0,0.0,10.0,0.0
1.25,0.0,1035.0,828.0,1.0,0.0,24.0,0.0,10.0,0.0
0.4984709480122324,146.0,326.0,654.0,1.0,1.0,155.0,0.0,8.0,0.0
0.921832884097035,43.0,342.0,371.0,1.0,1.0,15.0,0.0,11.0,0.0
0.7740524781341108,0.0,531.0,686.0,1.0,1.0,41.0,0.0,9.0,0.0
0.8576449912126538,0.0,488.0,569.0,1.0,1.0,34.0,0.0,9.0,0.0
3.47008547008547,35.0,1218.0,351.0,1.0,0.0,15.0,0.0,10.0,0.0
1.038659793814433,0.0,403.0,388.0,1.0,1.0,23.0,0.0,11.0,0.0
1.0564516129032258,25.0,393.0,372.0,1.0,0.0,7.0,0.0,9.0,0.0
1.3219895287958114,9.0,505.0,382.0,1.0,1.0,4.0,0.0,11.0,0.0
0.9731182795698924,0.0,181.0,186.0,1.0,1.0,8.0,0.0,11.0,0.0
1.0,46.0,319.0,319.0,1.0,1.0,138.0,0.0,11.0,0.0
0.7611940298507462,0.0,561.0,737.0,1.0,1.0,66.0,0.0,9.0,0.0
0.7971830985915493,0.0,283.0,355.0,1.0,1.0,140.0,0.0,8.0,0.0
0.8187633262260128,42.0,384.0,469.0,1.0,1.0,71.0,0.0,11.0,0.0
0.8991935483870968,0.0,446.0,496.0,1.0,1.0,62.0,0.0,7.0,0.0
0.6709677419354839,9.0,208.0,310.0,1.0,1.0,440.0,0.0,10.0,0.0
0.9664371772805508,130.0,1123.0,1162.0,1.0,1.0,428.0,0.0,12.0,0.0
0.6402714932126696,6.0,283.0,442.0,1.0,1.0,36.0,0.0,8.0,0.0
0.89501312335958,11.0,682.0,762.0,1.0,1.0,114.0,0.0,7.0,0.0
1.002178649237473,41.0,460.0,459.0,1.0,1.0,23.0,0.0,12.0,0.0
1.0477272727272726,25.0,461.0,440.0,1.0,1.0,115.0,0.0,10.0,0.0
0.9890859481582538,35.0,725.0,733.0,1.0,1.0,91.0,0.0,13.0,0.0
0.3826086956521739,0.0,132.0,345.0,1.0,1.0,33.0,0.0,6.0,0.0
0.8496993987975952,50.0,424.0,499.0,1.0,1.0,38.0,0.0,7.0,0.0
1.0490196078431373,18.0,321.0,306.0,1.0,1.0,102.0,0.0,9.0,0.0
0.8943338437978561,34.0,584.0,653.0,1.0,1.0,88.0,0.0,9.0,0.0
0.9800332778702164,58.0,589.0,601.0,1.0,1.0,58.0,0.0,13.0,0.0
0.9951845906902088,0.0,620.0,623.0,1.0,1.0,161.0,0.0,9.0,0.0
1.037344398340249,103.0,1500.0,1446.0,1.0,1.0,132.0,0.0,14.0,0.0
0.9063829787234042,42.0,213.0,235.0,1.0,1.0,32.0,1.0,13.0,0.0
0.8604118993135011,116.0,376.0,437.0,1.0,1.0,33.0,0.0,9.0,0.0
0.5859375,98.0,150.0,256.0,1.0,1.0,28.0,0.0,15.0,0.0
0.9212598425196852,35.0,351.0,381.0,1.0,0.0,25.0,0.0,10.0,0.0
0.9409090909090908,14.0,414.0,440.0,1.0,0.0,71.0,0.0,9.0,0.0
1.1914357682619647,35.0,473.0,397.0,1.0,1.0,28.0,0.0,16.0,0.0
0.6058139534883721,0.0,521.0,860.0,1.0,1.0,262.0,0.0,7.0,0.0
0.6424581005586593,0.0,230.0,358.0,1.0,0.0,26.0,0.0,10.0,0.0
0.8215962441314554,30.0,350.0,426.0,1.0,1.0,24.0,0.0,12.0,0.0
0.5911949685534591,19.0,376.0,636.0,1.0,1.0,60.0,0.0,7.0,0.0
0.8996212121212122,0.0,475.0,528.0,1.0,1.0,29.0,0.0,7.0,0.0
1.0434782608695652,22.0,288.0,276.0,1.0,1.0,13.0,0.0,12.0,0.0
0.9019264448336252,0.0,515.0,571.0,1.0,0.0,4.0,0.0,11.0,0.0
0.7496012759170654,61.0,470.0,627.0,1.0,1.0,7.0,0.0,8.0,0.0
0.8822115384615384,41.0,367.0,416.0,1.0,1.0,111.0,0.0,7.0,0.0
0.9509433962264152,41.0,252.0,265.0,1.0,1.0,4.0,0.0,9.0,0.0
1.0037313432835822,0.0,269.0,268.0,1.0,1.0,23.0,0.0,8.0,0.0
0.6887417218543046,33.0,312.0,453.0,1.0,1.0,47.0,0.0,9.0,0.0
0.9560723514211886,21.0,370.0,387.0,1.0,1.0,22.0,0.0,7.0,0.0
1.1215469613259668,23.0,609.0,543.0,1.0,1.0,58.0,0.0,9.0,0.0
0.7621247113163973,63.0,330.0,433.0,1.0,0.0,35.0,0.0,15.0,0.0
1.03015873015873,35.0,649.0,630.0,1.0,0.0,67.0,0.0,9.0,0.0
0.8981324278438031,33.0,529.0,589.0,1.0,1.0,67.0,0.0,13.0,0.0
0.9693593314763232,0.0,348.0,359.0,1.0,1.0,21.0,0.0,10.0,0.0
0.8470588235294118,135.0,576.0,680.0,1.0,1.0,187.0,0.0,11.0,0.0
1.013089005235602,43.0,387.0,382.0,1.0,1.0,69.0,0.0,8.0,0.0
1.4285714285714286,25.0,120.0,84.0,1.0,1.0,48.0,0.0,13.0,0.0
0.5609284332688588,2.0,290.0,517.0,1.0,1.0,16.0,0.0,10.0,0.0
0.8143525741029641,88.0,522.0,641.0,1.0,0.0,171.0,0.0,7.0,0.0
0.9438700147710488,17.0,639.0,677.0,1.0,1.0,125.0,0.0,9.0,0.0
0.9875222816399288,0.0,554.0,561.0,1.0,1.0,325.0,0.0,12.0,0.0
0.5275229357798165,0.0,230.0,436.0,1.0,1.0,36.0,0.0,14.0,0.0
1.1032388663967612,22.0,545.0,494.0,1.0,1.0,22.0,0.0,15.0,0.0
0.4950884086444008,0.0,252.0,509.0,1.0,1.0,28.0,0.0,11.0,0.0
0.3828623518687329,22.0,420.0,1097.0,1.0,1.0,29.0,0.0,10.0,0.0
4.939495798319328,140.0,2939.0,595.0,1.0,0.0,43.0,0.0,13.0,0.0
0.8366972477064221,82.0,456.0,545.0,1.0,1.0,48.0,0.0,10.0,0.0
0.4158163265306122,6.0,326.0,784.0,1.0,1.0,27.0,0.0,12.0,0.0
0.8225255972696246,22.0,241.0,293.0,1.0,1.0,16.0,0.0,10.0,0.0
0.830952380952381,0.0,349.0,420.0,1.0,1.0,61.0,0.0,12.0,0.0
0.700381679389313,0.0,367.0,524.0,1.0,1.0,47.0,0.0,11.0,0.0
0.6774193548387096,0.0,462.0,682.0,1.0,1.0,94.0,0.0,10.0,0.0
1.0049751243781095,0.0,202.0,201.0,1.0,1.0,21.0,0.0,9.0,0.0
1.0555555555555556,0.0,95.0,90.0,1.0,1.0,4.0,2.0,14.0,0.0
1.0880503144654088,18.0,346.0,318.0,1.0,0.0,0.0,0.0,12.0,0.0
0.4890510948905109,7.0,603.0,1233.0,1.0,1.0,588.0,0.0,7.0,0.0
0.8008298755186722,32.0,386.0,482.0,1.0,1.0,48.0,0.0,7.0,0.0
2.212121212121212,87.0,219.0,99.0,1.0,0.0,79.0,0.0,18.0,0.0
0.4361233480176211,0.0,99.0,227.0,1.0,1.0,117.0,0.0,17.0,0.0
1.112,6.0,417.0,375.0,1.0,1.0,25.0,0.0,10.0,0.0
1.0725806451612905,33.0,266.0,248.0,1.0,0.0,12.0,0.0,11.0,0.0
5.481481481481482,35.0,592.0,108.0,1.0,0.0,117.0,0.0,9.0,0.0
0.7281323877068558,0.0,308.0,423.0,1.0,1.0,101.0,2.0,14.0,0.0
2.5588235294117645,0.0,261.0,102.0,1.0,0.0,142.0,0.0,8.0,0.0
0.7562913907284768,4.0,571.0,755.0,1.0,1.0,16.0,0.0,10.0,0.0
0.7660098522167488,0.0,311.0,406.0,1.0,1.0,11.0,0.0,9.0,0.0
0.8041958041958042,0.0,115.0,143.0,1.0,1.0,15.0,0.0,7.0,0.0
1.075993091537133,146.0,623.0,579.0,1.0,0.0,83.0,0.0,14.0,0.0
0.5957178841309824,0.0,473.0,794.0,1.0,1.0,4.0,0.0,8.0,0.0
1.0707635009310987,27.0,575.0,537.0,1.0,1.0,44.0,0.0,14.0,0.0
0.4830508474576271,54.0,399.0,826.0,1.0,1.0,70.0,0.0,13.0,0.0
1.0258620689655171,0.0,119.0,116.0,1.0,1.0,2.0,0.0,15.0,0.0
0.7558139534883721,0.0,260.0,344.0,1.0,1.0,99.0,0.0,14.0,0.0
1.2528735632183907,57.0,436.0,348.0,1.0,0.0,33.0,0.0,11.0,0.0
1.5516074450084605,37.0,917.0,591.0,1.0,1.0,48.0,0.0,8.0,0.0
0.4168937329700272,9.0,153.0,367.0,1.0,0.0,72.0,0.0,13.0,0.0
0.9643366619115548,0.0,676.0,701.0,1.0,1.0,249.0,0.0,11.0,0.0
0.858139534883721,60.0,369.0,430.0,1.0,1.0,14.0,0.0,14.0,0.0
0.2525389302640487,90.0,373.0,1477.0,1.0,0.0,25.0,0.0,14.0,0.0
0.955456570155902,0.0,429.0,449.0,1.0,0.0,1.0,4.0,9.0,0.0
1.1938775510204085,146.0,234.0,196.0,1.0,1.0,66.0,2.0,8.0,0.0
1.0641592920353982,93.0,481.0,452.0,1.0,0.0,163.0,0.0,10.0,0.0
1.1385135135135136,7.0,337.0,296.0,1.0,0.0,65.0,0.0,13.0,0.0
0.3642732049036777,0.0,208.0,571.0,1.0,0.0,11.0,0.0,8.0,0.0
0.1768996960486322,22.0,873.0,4935.0,1.0,0.0,30.0,0.0,9.0,0.0
0.8858447488584474,14.0,194.0,219.0,1.0,1.0,33.0,0.0,15.0,0.0
0.8393665158371041,0.0,371.0,442.0,1.0,1.0,9.0,0.0,16.0,0.0
0.3293650793650793,0.0,83.0,252.0,1.0,1.0,40.0,0.0,12.0,0.0
0.7857142857142857,0.0,22.0,28.0,0.0,1.0,0.0,0.0,15.0,0.0
0.9277566539923956,0.0,244.0,263.0,1.0,1.0,82.0,0.0,11.0,0.0
0.3671232876712328,7.0,134.0,365.0,1.0,1.0,59.0,0.0,11.0,0.0
0.9914772727272728,15.0,349.0,352.0,1.0,1.0,44.0,4.0,21.0,0.0
0.8388998035363457,26.0,427.0,509.0,1.0,1.0,0.0,0.0,12.0,0.0
0.5555555555555556,0.0,60.0,108.0,1.0,1.0,49.0,1.0,14.0,0.0
1.456140350877193,0.0,249.0,171.0,1.0,1.0,56.0,0.0,8.0,0.0
0.6539792387543253,9.0,378.0,578.0,1.0,1.0,61.0,0.0,7.0,0.0
0.4693877551020408,3.0,92.0,196.0,1.0,1.0,5.0,0.0,12.0,0.0
0.9866071428571428,0.0,221.0,224.0,1.0,0.0,39.0,0.0,14.0,0.0
1.0819672131147542,20.0,66.0,61.0,1.0,0.0,0.0,0.0,12.0,0.0
0.9565217391304348,32.0,462.0,483.0,1.0,1.0,31.0,0.0,12.0,0.0
0.8344370860927153,0.0,630.0,755.0,1.0,1.0,125.0,0.0,10.0,0.0
1.431818181818182,0.0,126.0,88.0,1.0,0.0,2.0,0.0,9.0,0.0
1.0146137787056368,20.0,486.0,479.0,1.0,1.0,38.0,0.0,15.0,0.0
1.0625,0.0,51.0,48.0,1.0,1.0,43.0,0.0,8.0,0.0
0.9219440353460971,48.0,626.0,679.0,1.0,1.0,58.0,0.0,12.0,0.0
0.751004016064257,11.0,748.0,996.0,1.0,1.0,44.0,0.0,13.0,0.0
1.723127035830619,23.0,1058.0,614.0,1.0,0.0,52.0,0.0,12.0,0.0
0.957639939485628,19.0,633.0,661.0,1.0,1.0,31.0,0.0,10.0,0.0
1.0298507462686568,131.0,207.0,201.0,1.0,1.0,75.0,2.0,12.0,0.0
0.7782101167315175,20.0,200.0,257.0,1.0,1.0,3.0,0.0,11.0,0.0
0.8059701492537313,40.0,216.0,268.0,1.0,1.0,10.0,1.0,10.0,0.0
2.65597667638484,76.0,911.0,343.0,1.0,0.0,411.0,0.0,7.0,0.0
0.9521531100478468,107.0,199.0,209.0,1.0,1.0,49.0,0.0,10.0,0.0
1.0894039735099337,8.0,658.0,604.0,1.0,1.0,27.0,0.0,7.0,0.0
0.8115079365079365,32.0,409.0,504.0,1.0,1.0,3.0,0.0,20.0,0.0
0.7559808612440191,0.0,158.0,209.0,1.0,1.0,5.0,0.0,7.0,0.0
1.1295336787564767,0.0,872.0,772.0,1.0,0.0,174.0,0.0,11.0,0.0
0.812,53.0,203.0,250.0,1.0,1.0,131.0,0.0,8.0,0.0
1.8235294117647056,0.0,93.0,51.0,1.0,1.0,1.0,0.0,10.0,0.0
0.7857142857142857,0.0,66.0,84.0,1.0,1.0,1.0,0.0,10.0,0.0
1.1193633952254642,18.0,422.0,377.0,1.0,0.0,17.0,0.0,13.0,0.0
0.9217391304347826,0.0,106.0,115.0,1.0,1.0,8.0,0.0,8.0,0.0
2.38,10.0,238.0,100.0,1.0,1.0,100.0,0.0,11.0,0.0
0.621414913957935,0.0,325.0,523.0,1.0,1.0,84.0,0.0,17.0,0.0
0.6069868995633187,42.0,278.0,458.0,1.0,1.0,85.0,0.0,14.0,0.0
2.3970976253298155,2.0,1817.0,758.0,1.0,1.0,115.0,0.0,14.0,0.0
0.8974358974358975,0.0,70.0,78.0,1.0,0.0,9.0,0.0,20.0,0.0
1.186746987951807,24.0,788.0,664.0,1.0,0.0,383.0,0.0,11.0,0.0
0.6098130841121495,139.0,522.0,856.0,1.0,0.0,216.0,0.0,11.0,0.0
0.6027397260273972,34.0,88.0,146.0,1.0,0.0,6.0,0.0,8.0,0.0
1.049140049140049,45.0,427.0,407.0,1.0,1.0,124.0,0.0,8.0,0.0
1.0067114093959733,77.0,150.0,149.0,1.0,0.0,22.0,0.0,13.0,0.0
1.8818493150684927,0.0,1099.0,584.0,1.0,1.0,124.0,0.0,11.0,0.0
1.0838709677419356,0.0,504.0,465.0,1.0,1.0,74.0,2.0,11.0,0.0
0.6974789915966386,39.0,83.0,119.0,1.0,1.0,5.0,0.0,12.0,0.0
1.1956521739130437,66.0,715.0,598.0,1.0,0.0,210.0,0.0,7.0,0.0
0.8659003831417624,0.0,226.0,261.0,1.0,1.0,20.0,0.0,13.0,0.0
0.8488120950323974,0.0,393.0,463.0,1.0,1.0,165.0,0.0,8.0,0.0
0.8729096989966555,119.0,261.0,299.0,1.0,0.0,8.0,0.0,10.0,0.0
0.9929245283018868,15.0,421.0,424.0,1.0,1.0,124.0,0.0,6.0,0.0
0.991304347826087,24.0,114.0,115.0,1.0,1.0,21.0,0.0,6.0,0.0
0.8928571428571429,71.0,200.0,224.0,1.0,1.0,17.0,0.0,12.0,0.0
0.7449856733524355,0.0,260.0,349.0,1.0,0.0,26.0,0.0,12.0,0.0
0.6637426900584795,49.0,227.0,342.0,1.0,1.0,128.0,0.0,9.0,0.0
0.9058380414312618,16.0,481.0,531.0,1.0,1.0,9.0,0.0,12.0,0.0
0.2962962962962963,0.0,272.0,918.0,1.0,0.0,1.0,0.0,7.0,0.0
1.2920353982300885,32.0,438.0,339.0,1.0,1.0,12.0,0.0,13.0,0.0
1.1539611360239164,22.0,772.0,669.0,1.0,0.0,79.0,0.0,8.0,0.0
1.095959595959596,3.0,217.0,198.0,1.0,1.0,0.0,0.0,17.0,0.0
0.9631811487481592,33.0,654.0,679.0,1.0,0.0,24.0,0.0,8.0,0.0
0.5618729096989966,0.0,336.0,598.0,1.0,1.0,223.0,0.0,8.0,0.0
0.5722070844686649,0.0,210.0,367.0,1.0,1.0,114.0,0.0,8.0,0.0
2.118110236220472,148.0,269.0,127.0,1.0,1.0,146.0,0.0,13.0,0.0
0.7376543209876543,106.0,239.0,324.0,1.0,1.0,29.0,0.0,10.0,0.0
0.5821371610845295,12.0,365.0,627.0,1.0,0.0,107.0,0.0,7.0,0.0
0.689873417721519,16.0,218.0,316.0,1.0,1.0,438.0,0.0,10.0,0.0
0.8659517426273459,40.0,323.0,373.0,1.0,1.0,10.0,0.0,14.0,0.0
1.064102564102564,19.0,249.0,234.0,1.0,1.0,17.0,0.0,9.0,0.0
0.5791962174940898,0.0,245.0,423.0,1.0,1.0,74.0,0.0,10.0,0.0
0.7026279391424619,33.0,508.0,723.0,1.0,1.0,154.0,0.0,11.0,0.0
1.0201342281879195,32.0,304.0,298.0,1.0,1.0,1.0,4.0,17.0,0.0
0.9276559384790658,136.0,3257.0,3511.0,1.0,0.0,113.0,0.0,8.0,0.0
1.0071942446043165,43.0,420.0,417.0,1.0,1.0,6.0,0.0,11.0,0.0
0.8132295719844358,10.0,209.0,257.0,1.0,1.0,52.0,0.0,12.0,0.0
1.67570281124498,127.0,1669.0,996.0,1.0,1.0,107.0,2.0,13.0,0.0
1.5576923076923077,0.0,81.0,52.0,1.0,1.0,4.0,0.0,15.0,0.0
0.9453302961275628,0.0,415.0,439.0,1.0,1.0,13.0,0.0,11.0,0.0
0.8486842105263158,0.0,129.0,152.0,1.0,1.0,0.0,0.0,14.0,0.0
0.9116022099447514,0.0,165.0,181.0,1.0,1.0,85.0,0.0,13.0,0.0
0.9191919191919192,19.0,273.0,297.0,1.0,1.0,0.0,0.0,15.0,0.0
1.0242424242424242,41.0,338.0,330.0,1.0,0.0,17.0,0.0,12.0,0.0
0.5044843049327354,0.0,225.0,446.0,1.0,0.0,53.0,0.0,11.0,0.0
1.0951219512195125,19.0,449.0,410.0,1.0,1.0,19.0,0.0,8.0,0.0
0.6882966396292005,105.0,594.0,863.0,1.0,1.0,276.0,0.0,9.0,0.0
0.8887434554973822,23.0,679.0,764.0,1.0,1.0,39.0,0.0,11.0,0.0
1.0556586270871986,41.0,569.0,539.0,1.0,1.0,95.0,0.0,11.0,0.0
0.994475138121547,0.0,540.0,543.0,1.0,1.0,73.0,0.0,12.0,0.0
1.1983695652173914,25.0,441.0,368.0,1.0,1.0,30.0,0.0,8.0,0.0
1.2527472527472527,37.0,570.0,455.0,1.0,1.0,120.0,0.0,10.0,0.0
0.3294434470377019,16.0,367.0,1114.0,1.0,0.0,69.0,0.0,8.0,0.0
0.9783950617283952,59.0,634.0,648.0,1.0,0.0,21.0,0.0,9.0,0.0
1.274582560296846,18.0,687.0,539.0,1.0,0.0,78.0,0.0,9.0,0.0
0.9467455621301776,9.0,160.0,169.0,1.0,1.0,8.0,0.0,10.0,0.0
1.2198275862068966,32.0,566.0,464.0,1.0,1.0,65.0,0.0,9.0,0.0
0.7635135135135135,0.0,113.0,148.0,1.0,1.0,9.0,0.0,10.0,0.0
1.2248628884826325,52.0,670.0,547.0,1.0,1.0,68.0,0.0,12.0,0.0
1.0774193548387097,18.0,501.0,465.0,1.0,1.0,4.0,0.0,10.0,0.0
0.9318181818181818,0.0,369.0,396.0,1.0,1.0,5.0,0.0,12.0,0.0
1.0225352112676056,41.0,363.0,355.0,1.0,1.0,17.0,0.0,11.0,0.0
0.8549019607843137,0.0,218.0,255.0,1.0,1.0,2.0,0.0,9.0,0.0
0.9120654396728016,29.0,446.0,489.0,1.0,1.0,46.0,0.0,10.0,0.0
1.030612244897959,25.0,404.0,392.0,1.0,1.0,23.0,0.0,14.0,0.0
0.8765432098765432,60.0,426.0,486.0,1.0,0.0,110.0,0.0,12.0,0.0
1.0298507462686568,131.0,207.0,201.0,1.0,1.0,75.0,2.0,12.0,0.0
0.8733624454148472,17.0,200.0,229.0,1.0,1.0,4.0,2.0,10.0,0.0
0.8393351800554016,44.0,606.0,722.0,1.0,1.0,56.0,0.0,9.0,0.0
0.6821428571428572,9.0,191.0,280.0,1.0,1.0,4.0,0.0,15.0,0.0
0.9409090909090908,14.0,414.0,440.0,1.0,0.0,71.0,0.0,9.0,0.0
0.9900709219858156,0.0,698.0,705.0,1.0,1.0,32.0,0.0,7.0,0.0
0.7623318385650224,33.0,510.0,669.0,1.0,1.0,31.0,0.0,11.0,0.0
0.962809917355372,43.0,233.0,242.0,1.0,1.0,9.0,0.0,14.0,0.0
1.0083798882681565,18.0,361.0,358.0,1.0,0.0,75.0,0.0,9.0,0.0
0.9803921568627452,0.0,200.0,204.0,1.0,1.0,60.0,2.0,16.0,0.0
1.2,0.0,222.0,185.0,1.0,1.0,22.0,0.0,6.0,0.0
0.7551020408163265,0.0,148.0,196.0,1.0,1.0,7.0,0.0,12.0,0.0
0.8867313915857605,0.0,274.0,309.0,1.0,1.0,2.0,0.0,12.0,0.0
0.8708333333333333,0.0,209.0,240.0,1.0,0.0,0.0,0.0,6.0,0.0
0.6310272536687631,20.0,301.0,477.0,1.0,1.0,6.0,0.0,12.0,0.0
0.7160493827160493,39.0,116.0,162.0,1.0,1.0,11.0,0.0,11.0,0.0
1.0561224489795915,0.0,207.0,196.0,1.0,1.0,7.0,0.0,11.0,0.0
0.7316176470588235,18.0,199.0,272.0,1.0,1.0,36.0,0.0,8.0,0.0
0.6407982261640798,0.0,289.0,451.0,1.0,1.0,76.0,0.0,13.0,0.0
0.9865384615384616,49.0,513.0,520.0,1.0,0.0,37.0,0.0,10.0,0.0
0.603448275862069,0.0,105.0,174.0,1.0,1.0,0.0,0.0,11.0,0.0
1.094488188976378,25.0,695.0,635.0,1.0,0.0,21.0,0.0,9.0,0.0
0.8940397350993378,0.0,540.0,604.0,1.0,1.0,16.0,0.0,16.0,0.0
0.6991701244813278,0.0,337.0,482.0,1.0,1.0,7.0,0.0,14.0,0.0
0.8890469416785206,48.0,625.0,703.0,1.0,1.0,34.0,0.0,8.0,0.0
0.5591054313099042,11.0,175.0,313.0,1.0,0.0,4.0,0.0,7.0,0.0
1.1365079365079365,26.0,358.0,315.0,1.0,1.0,33.0,0.0,6.0,0.0
1.0921985815602837,37.0,616.0,564.0,1.0,0.0,26.0,0.0,10.0,0.0
0.8344923504867872,50.0,600.0,719.0,1.0,1.0,181.0,0.0,12.0,0.0
1.0442477876106195,12.0,236.0,226.0,1.0,1.0,12.0,0.0,7.0,0.0
0.9701492537313432,0.0,325.0,335.0,1.0,1.0,50.0,0.0,14.0,0.0
0.9365853658536586,0.0,384.0,410.0,1.0,1.0,48.0,1.0,13.0,0.0
0.8311688311688312,8.0,256.0,308.0,1.0,1.0,6.0,0.0,17.0,0.0
1.0089285714285714,0.0,113.0,112.0,1.0,1.0,14.0,0.0,10.0,0.0
0.5704225352112676,0.0,81.0,142.0,1.0,1.0,8.0,2.0,7.0,0.0
0.76,38.0,380.0,500.0,1.0,1.0,19.0,0.0,9.0,0.0
0.5476673427991886,0.0,270.0,493.0,1.0,0.0,0.0,0.0,13.0,0.0
0.4352701325178389,20.0,427.0,981.0,1.0,1.0,95.0,2.0,13.0,0.0
0.8008298755186722,32.0,386.0,482.0,1.0,1.0,48.0,0.0,7.0,0.0
0.9701492537313432,79.0,65.0,67.0,1.0,0.0,116.0,0.0,8.0,0.0
0.8677685950413223,26.0,315.0,363.0,1.0,0.0,0.0,0.0,8.0,0.0
0.69,0.0,69.0,100.0,1.0,1.0,5.0,0.0,9.0,0.0
0.7121848739495799,56.0,339.0,476.0,1.0,1.0,33.0,0.0,8.0,0.0
0.7839195979899497,42.0,156.0,199.0,1.0,0.0,2.0,0.0,11.0,0.0
0.9473684210526316,45.0,288.0,304.0,1.0,1.0,5.0,0.0,11.0,0.0
0.926605504587156,0.0,101.0,109.0,1.0,1.0,2.0,3.0,17.0,0.0
1.0654761904761905,0.0,358.0,336.0,1.0,0.0,9.0,0.0,13.0,0.0
0.8998073217726397,13.0,467.0,519.0,1.0,1.0,16.0,0.0,17.0,0.0
1.03921568627451,51.0,318.0,306.0,1.0,0.0,13.0,0.0,11.0,0.0
0.6121739130434782,6.0,352.0,575.0,1.0,1.0,88.0,0.0,13.0,0.0
0.7441860465116279,34.0,256.0,344.0,1.0,1.0,53.0,0.0,12.0,0.0
0.7125,17.0,228.0,320.0,1.0,1.0,20.0,0.0,11.0,0.0
1.0198412698412698,0.0,257.0,252.0,1.0,0.0,25.0,0.0,12.0,0.0
0.4878048780487805,78.0,240.0,492.0,1.0,1.0,12.0,0.0,13.0,0.0
0.79296875,0.0,203.0,256.0,1.0,1.0,1.0,0.0,7.0,0.0
0.9875,7.0,79.0,80.0,1.0,1.0,2.0,0.0,11.0,0.0
0.9308855291576674,21.0,431.0,463.0,1.0,1.0,42.0,0.0,10.0,0.0
0.8157894736842105,11.0,217.0,266.0,1.0,1.0,13.0,0.0,13.0,0.0
0.8087954110898662,0.0,423.0,523.0,1.0,1.0,114.0,0.0,11.0,0.0
0.6339285714285714,0.0,142.0,224.0,1.0,0.0,8.0,0.0,7.0,0.0
1.053658536585366,25.0,432.0,410.0,1.0,1.0,26.0,0.0,10.0,0.0
0.8683473389355743,23.0,310.0,357.0,1.0,1.0,44.0,0.0,10.0,0.0
0.9301675977653632,35.0,333.0,358.0,1.0,1.0,23.0,0.0,18.0,0.0
1.0049751243781095,0.0,202.0,201.0,1.0,1.0,21.0,0.0,9.0,0.0
0.7451327433628319,30.0,421.0,565.0,1.0,1.0,44.0,0.0,6.0,0.0
0.9334719334719336,34.0,449.0,481.0,1.0,1.0,45.0,2.0,10.0,0.0
1.0,8.0,318.0,318.0,1.0,1.0,9.0,0.0,10.0,0.0
1.002702702702703,29.0,371.0,370.0,1.0,1.0,10.0,0.0,14.0,0.0
0.9886792452830188,19.0,262.0,265.0,1.0,1.0,22.0,0.0,11.0,0.0
1.1830985915492958,0.0,588.0,497.0,1.0,1.0,13.0,0.0,12.0,0.0
1.0063291139240509,16.0,636.0,632.0,1.0,0.0,111.0,0.0,5.0,0.0
1.0350194552529184,44.0,266.0,257.0,1.0,1.0,105.0,0.0,11.0,0.0
1.619047619047619,0.0,204.0,126.0,1.0,0.0,393.0,0.0,14.0,0.0
0.8970331588132635,19.0,514.0,573.0,1.0,0.0,216.0,2.0,15.0,0.0
0.635593220338983,52.0,450.0,708.0,1.0,1.0,58.0,0.0,10.0,0.0
0.8493723849372385,0.0,406.0,478.0,1.0,1.0,76.0,0.0,12.0,0.0
1.0700808625336926,0.0,397.0,371.0,1.0,1.0,298.0,0.0,6.0,0.0
6.022346368715084,0.0,1078.0,179.0,1.0,0.0,131.0,2.0,15.0,0.0
1.3207070707070707,30.0,523.0,396.0,1.0,1.0,52.0,0.0,11.0,0.0
1.0365853658536586,0.0,255.0,246.0,1.0,1.0,12.0,0.0,12.0,0.0
0.9157894736842104,24.0,87.0,95.0,1.0,1.0,11.0,0.0,17.0,0.0
0.9851851851851852,20.0,133.0,135.0,1.0,1.0,4.0,0.0,10.0,0.0
0.7378277153558053,13.0,197.0,267.0,1.0,1.0,8.0,0.0,12.0,0.0
1.0245664739884393,0.0,709.0,692.0,1.0,1.0,76.0,0.0,17.0,0.0
1.0171821305841924,0.0,296.0,291.0,1.0,1.0,26.0,0.0,14.0,0.0
1.0,17.0,198.0,198.0,1.0,0.0,35.0,0.0,12.0,0.0
0.7805800756620429,98.0,619.0,793.0,1.0,1.0,272.0,0.0,7.0,0.0
1.0116279069767442,0.0,174.0,172.0,1.0,1.0,1.0,0.0,10.0,0.0
1.0326086956521738,0.0,190.0,184.0,1.0,1.0,2.0,0.0,11.0,0.0
0.8497854077253219,0.0,198.0,233.0,1.0,1.0,28.0,0.0,15.0,0.0
1.0030959752321982,0.0,324.0,323.0,1.0,1.0,114.0,0.0,10.0,0.0
0.9766536964980544,0.0,251.0,257.0,1.0,1.0,24.0,0.0,15.0,0.0
0.8549019607843137,0.0,218.0,255.0,1.0,1.0,2.0,0.0,9.0,0.0
0.7804878048780488,0.0,224.0,287.0,1.0,1.0,51.0,0.0,13.0,0.0
1.1312741312741312,0.0,293.0,259.0,1.0,1.0,36.0,0.0,13.0,0.0
0.4317548746518105,73.0,155.0,359.0,1.0,1.0,71.0,0.0,8.0,0.0
0.7756653992395437,49.0,204.0,263.0,1.0,0.0,24.0,0.0,9.0,0.0
1.4027397260273973,67.0,512.0,365.0,1.0,1.0,12.0,2.0,12.0,0.0
0.8831615120274914,139.0,257.0,291.0,1.0,1.0,19.0,2.0,10.0,0.0
0.8693877551020408,0.0,213.0,245.0,1.0,1.0,31.0,0.0,12.0,0.0
0.9318181818181818,0.0,369.0,396.0,1.0,1.0,5.0,0.0,12.0,0.0
0.956656346749226,0.0,309.0,323.0,1.0,1.0,96.0,0.0,11.0,0.0
0.8838951310861424,0.0,472.0,534.0,1.0,1.0,27.0,0.0,7.0,0.0
0.5941176470588235,0.0,202.0,340.0,1.0,1.0,28.0,0.0,11.0,0.0
1.1333333333333333,0.0,272.0,240.0,1.0,0.0,147.0,0.0,13.0,0.0
0.8885630498533724,20.0,303.0,341.0,1.0,1.0,12.0,0.0,13.0,0.0
0.9947368421052633,0.0,189.0,190.0,1.0,1.0,9.0,0.0,6.0,0.0
1.0133630289532294,18.0,455.0,449.0,1.0,1.0,32.0,0.0,12.0,0.0
1.0258899676375404,17.0,634.0,618.0,1.0,1.0,25.0,0.0,7.0,0.0
1.0484496124031009,134.0,541.0,516.0,1.0,0.0,84.0,0.0,8.0,0.0
0.9513742071881608,64.0,450.0,473.0,1.0,1.0,152.0,0.0,15.0,0.0
0.6033755274261603,0.0,143.0,237.0,1.0,0.0,3.0,0.0,12.0,0.0
0.6857562408223201,1.0,467.0,681.0,1.0,1.0,149.0,0.0,10.0,0.0
1.2804878048780488,43.0,1050.0,820.0,1.0,0.0,332.0,0.0,10.0,0.0
0.697841726618705,0.0,194.0,278.0,1.0,1.0,3.0,1.0,11.0,0.0
1.7741935483870968,0.0,55.0,31.0,1.0,0.0,1.0,0.0,8.0,0.0
0.6774193548387096,0.0,462.0,682.0,1.0,1.0,94.0,0.0,10.0,0.0
0.7545605306799337,0.0,455.0,603.0,1.0,1.0,79.0,0.0,11.0,0.0
0.9213483146067416,0.0,246.0,267.0,1.0,1.0,55.0,0.0,15.0,0.0
0.5420560747663551,0.0,116.0,214.0,1.0,1.0,5.0,0.0,11.0,0.0
0.6217948717948718,0.0,97.0,156.0,1.0,1.0,24.0,0.0,9.0,0.0
1.2579298831385644,35.0,1507.0,1198.0,1.0,1.0,175.0,0.0,13.0,0.0
0.725925925925926,0.0,196.0,270.0,1.0,0.0,199.0,0.0,15.0,0.0
0.6755555555555556,0.0,304.0,450.0,1.0,1.0,271.0,0.0,8.0,0.0
0.8937728937728938,14.0,488.0,546.0,1.0,1.0,25.0,0.0,9.0,0.0
0.6783625730994152,39.0,464.0,684.0,1.0,1.0,102.0,0.0,10.0,0.0
1.022883295194508,1.0,894.0,874.0,1.0,1.0,414.0,2.0,11.0,0.0
1.0356718192627823,78.0,871.0,841.0,1.0,0.0,161.0,0.0,12.0,0.0
0.5017857142857143,32.0,281.0,560.0,1.0,1.0,396.0,0.0,10.0,0.0
0.8634686346863468,0.0,1170.0,1355.0,1.0,1.0,491.0,0.0,14.0,0.0
0.506951871657754,72.0,474.0,935.0,1.0,1.0,273.0,0.0,8.0,0.0
0.8578947368421053,40.0,489.0,570.0,1.0,1.0,367.0,0.0,11.0,0.0
0.8961424332344213,0.0,604.0,674.0,1.0,1.0,65.0,0.0,11.0,0.0
1.1196283391405342,29.0,964.0,861.0,1.0,1.0,9.0,0.0,8.0,0.0
0.9300518134715026,0.0,359.0,386.0,1.0,1.0,397.0,0.0,15.0,0.0
0.6687979539641944,9.0,523.0,782.0,1.0,1.0,471.0,0.0,5.0,0.0
0.5181128896377422,1.0,615.0,1187.0,1.0,1.0,984.0,0.0,13.0,0.0
1.2416666666666667,41.0,894.0,720.0,1.0,0.0,80.0,0.0,11.0,0.0
0.9190371991247264,21.0,420.0,457.0,1.0,0.0,127.0,0.0,10.0,0.0
1.0081466395112015,40.0,495.0,491.0,1.0,1.0,12.0,2.0,11.0,0.0
0.7923186344238976,0.0,557.0,703.0,1.0,0.0,60.0,0.0,11.0,0.0
0.8975501113585747,8.0,403.0,449.0,1.0,1.0,204.0,0.0,12.0,0.0
0.7772020725388601,103.0,450.0,579.0,1.0,1.0,67.0,0.0,9.0,0.0
0.8864468864468864,0.0,242.0,273.0,1.0,1.0,206.0,0.0,13.0,0.0
0.288855193328279,144.0,381.0,1319.0,1.0,1.0,102.0,0.0,11.0,0.0
1.1117824773413898,0.0,736.0,662.0,1.0,0.0,312.0,0.0,7.0,0.0
0.6397134083930399,13.0,625.0,977.0,1.0,1.0,7.0,0.0,11.0,0.0
1.0276243093922652,36.0,372.0,362.0,1.0,1.0,13.0,0.0,7.0,0.0
0.990990990990991,133.0,550.0,555.0,1.0,1.0,234.0,0.0,16.0,0.0
0.8152173913043478,0.0,150.0,184.0,1.0,0.0,79.0,0.0,6.0,0.0
0.8771551724137931,70.0,407.0,464.0,1.0,1.0,579.0,0.0,7.0,0.0
0.8467943380516236,0.0,1017.0,1201.0,1.0,0.0,263.0,0.0,14.0,0.0
0.3474178403755869,0.0,148.0,426.0,1.0,1.0,22.0,0.0,8.0,0.0
1.1061299176578223,38.0,1209.0,1093.0,1.0,0.0,289.0,0.0,8.0,0.0
0.552821997105644,0.0,382.0,691.0,1.0,1.0,300.0,0.0,6.0,0.0
0.8609271523178808,15.0,520.0,604.0,1.0,0.0,732.0,0.0,9.0,0.0
0.9201101928374656,0.0,1002.0,1089.0,1.0,1.0,582.0,0.0,10.0,0.0
0.7901554404145078,24.0,305.0,386.0,1.0,1.0,166.0,0.0,9.0,0.0
0.6606189967982924,0.0,619.0,937.0,1.0,1.0,16.0,0.0,10.0,0.0
0.8253333333333334,24.0,619.0,750.0,1.0,1.0,38.0,0.0,9.0,0.0
1.1845140032948929,45.0,719.0,607.0,1.0,1.0,69.0,0.0,11.0,0.0
0.864,1.0,108.0,125.0,1.0,1.0,16.0,0.0,13.0,0.0
0.884020618556701,0.0,343.0,388.0,1.0,1.0,67.0,0.0,5.0,0.0
0.7975308641975308,0.0,323.0,405.0,1.0,1.0,69.0,0.0,10.0,0.0
0.9732824427480916,101.0,1020.0,1048.0,1.0,0.0,126.0,0.0,8.0,0.0
1.003064351378958,0.0,982.0,979.0,1.0,0.0,266.0,0.0,13.0,0.0
0.9043478260869564,0.0,416.0,460.0,1.0,1.0,104.0,0.0,10.0,0.0
0.5578602620087336,0.0,511.0,916.0,1.0,1.0,134.0,0.0,12.0,0.0
0.9076376554174068,32.0,511.0,563.0,1.0,0.0,16.0,0.0,15.0,0.0
0.8224489795918367,0.0,403.0,490.0,1.0,1.0,38.0,0.0,12.0,0.0
0.7435897435897436,0.0,319.0,429.0,1.0,1.0,68.0,0.0,7.0,0.0
0.5246305418719212,0.0,213.0,406.0,1.0,1.0,169.0,0.0,6.0,0.0
0.8728070175438597,0.0,199.0,228.0,1.0,1.0,12.0,0.0,8.0,0.0
0.8274509803921568,23.0,211.0,255.0,1.0,1.0,27.0,4.0,10.0,0.0
1.0288461538461535,0.0,214.0,208.0,1.0,1.0,9.0,0.0,12.0,0.0
0.9965831435079726,4.0,875.0,878.0,1.0,1.0,15.0,0.0,13.0,0.0
0.9784250269687162,64.0,907.0,927.0,1.0,1.0,36.0,0.0,14.0,0.0
0.5537037037037037,0.0,299.0,540.0,1.0,1.0,112.0,0.0,12.0,0.0
0.6786102062975027,0.0,625.0,921.0,1.0,1.0,91.0,0.0,7.0,0.0
0.5804878048780487,11.0,238.0,410.0,1.0,1.0,44.0,0.0,10.0,0.0
0.5680272108843537,0.0,167.0,294.0,1.0,1.0,37.0,0.0,14.0,0.0
0.7376811594202899,0.0,509.0,690.0,1.0,1.0,15.0,0.0,10.0,0.0
0.8823529411764706,0.0,210.0,238.0,1.0,0.0,1.0,0.0,10.0,0.0
0.9708222811671088,8.0,366.0,377.0,1.0,1.0,373.0,0.0,9.0,0.0
0.8620689655172413,0.0,475.0,551.0,1.0,1.0,93.0,0.0,11.0,0.0
1.213235294117647,14.0,330.0,272.0,1.0,1.0,103.0,0.0,10.0,0.0
0.970509383378016,0.0,362.0,373.0,1.0,0.0,19.0,0.0,10.0,0.0
0.8581314878892734,22.0,248.0,289.0,1.0,1.0,21.0,0.0,10.0,0.0
0.7137476459510358,27.0,379.0,531.0,1.0,1.0,52.0,0.0,11.0,0.0
0.626453488372093,0.0,431.0,688.0,1.0,1.0,15.0,0.0,9.0,0.0
0.847009735744089,89.0,609.0,719.0,1.0,0.0,37.0,0.0,11.0,0.0
1.1416666666666666,0.0,548.0,480.0,1.0,1.0,98.0,0.0,7.0,0.0
1.036319612590799,16.0,428.0,413.0,1.0,1.0,314.0,0.0,12.0,0.0
0.3386491557223264,0.0,361.0,1066.0,1.0,1.0,308.0,0.0,12.0,0.0
1.121562952243126,25.0,775.0,691.0,1.0,1.0,26.0,0.0,6.0,0.0
0.5323529411764706,41.0,543.0,1020.0,1.0,1.0,179.0,0.0,14.0,0.0
0.9140811455847256,4.0,383.0,419.0,1.0,1.0,5.0,0.0,11.0,0.0
0.7202797202797203,0.0,103.0,143.0,1.0,1.0,20.0,1.0,11.0,0.0
1.0166204986149583,0.0,367.0,361.0,1.0,1.0,98.0,0.0,9.0,0.0
1.088135593220339,18.0,321.0,295.0,1.0,1.0,99.0,0.0,11.0,0.0
1.0895522388059702,31.0,146.0,134.0,1.0,1.0,36.0,0.0,10.0,0.0
0.6498516320474778,0.0,219.0,337.0,1.0,1.0,0.0,1.0,7.0,0.0
0.8342541436464088,1.0,302.0,362.0,1.0,1.0,54.0,0.0,13.0,0.0
0.7830578512396694,0.0,379.0,484.0,1.0,1.0,130.0,0.0,10.0,0.0
0.9285714285714286,0.0,468.0,504.0,1.0,1.0,26.0,0.0,9.0,0.0
0.9293948126801151,0.0,645.0,694.0,1.0,1.0,69.0,0.0,12.0,0.0
0.7819314641744548,48.0,251.0,321.0,1.0,1.0,42.0,0.0,12.0,0.0
0.7840909090909091,0.0,276.0,352.0,1.0,1.0,69.0,0.0,8.0,0.0
0.98371335504886,7.0,302.0,307.0,1.0,1.0,80.0,0.0,15.0,0.0
0.6020236087689713,0.0,357.0,593.0,1.0,1.0,20.0,0.0,9.0,0.0
0.8595890410958904,0.0,251.0,292.0,1.0,1.0,3.0,0.0,9.0,0.0
0.8565488565488566,23.0,824.0,962.0,1.0,0.0,5.0,0.0,14.0,0.0
1.0073394495412844,0.0,549.0,545.0,1.0,1.0,100.0,0.0,11.0,0.0
0.863849765258216,1.0,552.0,639.0,1.0,1.0,184.0,0.0,10.0,0.0
1.0049140049140048,25.0,409.0,407.0,1.0,1.0,164.0,0.0,12.0,0.0
1.0903614457831323,0.0,362.0,332.0,1.0,0.0,38.0,0.0,14.0,0.0
0.8329621380846325,0.0,374.0,449.0,1.0,1.0,26.0,0.0,12.0,0.0
1.180746561886051,33.0,601.0,509.0,1.0,1.0,223.0,0.0,10.0,0.0
1.1140215716486903,18.0,723.0,649.0,1.0,0.0,62.0,0.0,8.0,0.0
0.8907721280602636,24.0,473.0,531.0,1.0,1.0,19.0,0.0,10.0,0.0
0.8011958146487295,21.0,536.0,669.0,1.0,1.0,30.0,2.0,8.0,0.0
0.8820960698689956,0.0,404.0,458.0,1.0,1.0,240.0,0.0,10.0,0.0
0.675392670157068,0.0,516.0,764.0,1.0,1.0,217.0,0.0,10.0,0.0
1.0357142857142858,0.0,406.0,392.0,1.0,0.0,142.0,0.0,6.0,0.0
0.4790419161676646,0.0,400.0,835.0,1.0,1.0,44.0,0.0,9.0,0.0
1.942713567839196,0.0,1933.0,995.0,1.0,1.0,107.0,0.0,11.0,0.0
0.7496251874062968,0.0,500.0,667.0,1.0,1.0,150.0,0.0,11.0,0.0
0.5967957276368492,0.0,447.0,749.0,1.0,1.0,185.0,0.0,14.0,0.0
0.4824175824175824,1.0,439.0,910.0,1.0,1.0,517.0,0.0,10.0,0.0
0.6853055916775033,25.0,1054.0,1538.0,1.0,0.0,445.0,0.0,6.0,0.0
0.3642732049036777,0.0,208.0,571.0,1.0,0.0,11.0,0.0,8.0,0.0
0.4330024813895781,125.0,349.0,806.0,1.0,1.0,66.0,0.0,10.0,0.0
0.7188552188552189,7.0,427.0,594.0,1.0,1.0,37.0,0.0,9.0,0.0
0.6396039603960396,0.0,323.0,505.0,1.0,1.0,0.0,1.0,13.0,0.0
0.775,51.0,341.0,440.0,1.0,1.0,9.0,0.0,14.0,0.0
0.8666666666666667,0.0,104.0,120.0,1.0,1.0,12.0,0.0,9.0,0.0
0.9006622516556292,31.0,272.0,302.0,1.0,1.0,1.0,0.0,7.0,0.0
0.9392265193370166,18.0,170.0,181.0,1.0,1.0,15.0,0.0,14.0,0.0
0.7398058252427184,43.0,381.0,515.0,1.0,1.0,67.0,0.0,12.0,0.0
0.875,0.0,196.0,224.0,1.0,0.0,0.0,0.0,10.0,0.0
1.46875,91.0,141.0,96.0,1.0,0.0,9.0,0.0,9.0,0.0
0.6964285714285714,0.0,273.0,392.0,1.0,1.0,5.0,0.0,11.0,0.0
1.2222222222222223,0.0,1221.0,999.0,1.0,1.0,30.0,0.0,13.0,0.0
0.8410041841004184,56.0,402.0,478.0,1.0,1.0,22.0,0.0,14.0,0.0
0.6666666666666666,0.0,260.0,390.0,1.0,1.0,37.0,0.0,11.0,0.0
0.8035714285714286,0.0,180.0,224.0,1.0,1.0,3.0,2.0,8.0,0.0
0.125,0.0,137.0,1096.0,1.0,0.0,5.0,0.0,12.0,0.0
0.8958333333333334,0.0,43.0,48.0,1.0,1.0,13.0,4.0,10.0,0.0
0.9901960784313726,27.0,404.0,408.0,1.0,1.0,102.0,0.0,7.0,0.0
0.6495031616982837,0.0,719.0,1107.0,1.0,1.0,227.0,0.0,13.0,0.0
0.4423407917383821,96.0,771.0,1743.0,1.0,1.0,118.0,0.0,15.0,0.0
0.351491569390402,30.0,271.0,771.0,1.0,1.0,81.0,0.0,9.0,0.0
1.0782608695652174,0.0,124.0,115.0,1.0,0.0,143.0,0.0,6.0,0.0
0.3863636363636363,0.0,102.0,264.0,1.0,1.0,11.0,0.0,12.0,0.0
0.7077922077922078,0.0,109.0,154.0,1.0,1.0,0.0,0.0,14.0,0.0
0.9055793991416308,25.0,422.0,466.0,1.0,1.0,27.0,0.0,12.0,0.0
1.4663072776280324,24.0,544.0,371.0,1.0,1.0,5.0,2.0,9.0,0.0
0.9015873015873016,0.0,284.0,315.0,1.0,1.0,23.0,0.0,7.0,0.0
1.0159474671669793,46.0,1083.0,1066.0,1.0,0.0,469.0,0.0,9.0,0.0
1.4251101321585904,0.0,647.0,454.0,1.0,1.0,6.0,0.0,6.0,0.0
1.2198581560283688,0.0,172.0,141.0,1.0,0.0,62.0,0.0,9.0,0.0
0.827922077922078,0.0,255.0,308.0,1.0,1.0,80.0,0.0,11.0,0.0
0.7829880043620502,84.0,718.0,917.0,1.0,1.0,86.0,2.0,12.0,0.0
0.8888888888888888,14.0,120.0,135.0,1.0,0.0,46.0,0.0,13.0,0.0
1.10625,0.0,531.0,480.0,1.0,0.0,13.0,0.0,12.0,0.0
0.8395061728395061,103.0,136.0,162.0,1.0,1.0,2.0,2.0,8.0,0.0
1.052547770700637,63.0,661.0,628.0,1.0,1.0,29.0,0.0,8.0,0.0
0.7777777777777778,0.0,70.0,90.0,1.0,1.0,0.0,4.0,9.0,0.0
1.2877164056059356,0.0,1562.0,1213.0,1.0,1.0,98.0,0.0,14.0,0.0
0.9899866488651536,28.0,1483.0,1498.0,1.0,1.0,770.0,0.0,11.0,0.0
1.1789587852494576,133.0,1087.0,922.0,1.0,0.0,284.0,0.0,10.0,0.0
1.623885918003565,29.0,911.0,561.0,1.0,0.0,211.0,0.0,13.0,0.0
1.4667444574095685,14.0,1257.0,857.0,1.0,0.0,228.0,0.0,11.0,0.0
0.8836734693877552,0.0,433.0,490.0,1.0,1.0,12.0,0.0,11.0,0.0
0.8369905956112853,19.0,267.0,319.0,1.0,1.0,15.0,0.0,16.0,0.0
1.4954128440366972,0.0,163.0,109.0,1.0,1.0,36.0,2.0,12.0,0.0
0.9468599033816424,0.0,196.0,207.0,1.0,1.0,27.0,0.0,7.0,0.0
0.8783783783783784,10.0,260.0,296.0,1.0,0.0,2.0,0.0,7.0,0.0
1.3241379310344827,0.0,192.0,145.0,1.0,1.0,37.0,0.0,10.0,0.0
0.9790575916230366,24.0,187.0,191.0,1.0,0.0,45.0,0.0,15.0,0.0
1.1488095238095235,27.0,579.0,504.0,1.0,1.0,35.0,0.0,11.0,0.0
0.6147426981919333,0.0,442.0,719.0,1.0,0.0,96.0,2.0,7.0,0.0
1.25,0.0,5.0,4.0,1.0,0.0,0.0,2.0,13.0,0.0
0.373639661426844,0.0,309.0,827.0,1.0,1.0,203.0,0.0,9.0,0.0
0.5692771084337349,0.0,189.0,332.0,1.0,1.0,5.0,0.0,16.0,0.0
1.0588235294117647,0.0,522.0,493.0,1.0,1.0,43.0,0.0,11.0,0.0
1.4333333333333331,0.0,43.0,30.0,1.0,1.0,15.0,2.0,6.0,0.0
0.6629213483146067,0.0,59.0,89.0,1.0,0.0,0.0,2.0,12.0,0.0
16.8,0.0,168.0,10.0,1.0,0.0,0.0,0.0,5.0,0.0
0.7773722627737226,0.0,213.0,274.0,1.0,1.0,1.0,0.0,13.0,0.0
0.3660130718954248,28.0,56.0,153.0,1.0,1.0,36.0,3.0,13.0,0.0
0.9576547231270358,0.0,294.0,307.0,1.0,1.0,22.0,2.0,11.0,0.0
0.4420731707317073,0.0,290.0,656.0,1.0,1.0,50.0,0.0,11.0,0.0
0.4556489262371615,0.0,488.0,1071.0,1.0,1.0,53.0,0.0,7.0,0.0
0.843956043956044,0.0,384.0,455.0,1.0,0.0,31.0,2.0,6.0,0.0
0.75,38.0,390.0,520.0,1.0,1.0,78.0,0.0,10.0,0.0
1.8848314606741572,24.0,1342.0,712.0,1.0,0.0,112.0,0.0,12.0,0.0
0.7465437788018433,18.0,486.0,651.0,1.0,1.0,227.0,0.0,7.0,0.0
0.7642276422764228,0.0,94.0,123.0,0.0,1.0,0.0,0.0,12.0,0.0
1.215725806451613,57.0,603.0,496.0,1.0,1.0,100.0,0.0,13.0,0.0
0.9910913140311804,0.0,445.0,449.0,1.0,0.0,60.0,0.0,16.0,0.0
1.6149068322981366,0.0,260.0,161.0,1.0,1.0,2.0,0.0,10.0,0.0
1.174757281553398,13.0,484.0,412.0,1.0,1.0,59.0,0.0,8.0,0.0
0.6585714285714286,0.0,461.0,700.0,1.0,1.0,475.0,0.0,7.0,0.0
1.2588832487309645,71.0,248.0,197.0,1.0,1.0,27.0,0.0,11.0,0.0
0.597979797979798,0.0,296.0,495.0,1.0,1.0,49.0,0.0,12.0,0.0
0.6578947368421053,0.0,200.0,304.0,1.0,1.0,82.0,0.0,8.0,0.0
0.5853379152348225,1.0,511.0,873.0,1.0,1.0,502.0,0.0,11.0,0.0
2.3713355048859937,0.0,728.0,307.0,1.0,0.0,50.0,0.0,5.0,0.0
1.0264830508474576,124.0,969.0,944.0,1.0,0.0,118.0,0.0,12.0,0.0
0.7328990228013029,0.0,225.0,307.0,1.0,1.0,74.0,0.0,8.0,0.0
0.4817073170731707,0.0,237.0,492.0,1.0,1.0,21.0,4.0,10.0,0.0
0.71875,54.0,115.0,160.0,1.0,1.0,61.0,0.0,9.0,0.0
0.3846153846153846,0.0,5.0,13.0,1.0,1.0,1.0,4.0,16.0,0.0
0.9826989619377162,8.0,284.0,289.0,1.0,1.0,31.0,0.0,10.0,0.0
0.92,24.0,207.0,225.0,1.0,1.0,6.0,0.0,10.0,0.0
0.7210884353741497,0.0,106.0,147.0,1.0,1.0,1.0,0.0,11.0,0.0
0.5994550408719346,0.0,220.0,367.0,1.0,1.0,10.0,0.0,12.0,0.0
0.9069767441860463,11.0,39.0,43.0,1.0,1.0,0.0,4.0,10.0,0.0
0.7548543689320388,0.0,311.0,412.0,0.0,1.0,3.0,0.0,13.0,0.0
0.9946524064171124,0.0,372.0,374.0,1.0,1.0,46.0,0.0,14.0,0.0
5.25,0.0,42.0,8.0,1.0,0.0,1.0,0.0,15.0,0.0
0.8017429193899782,30.0,368.0,459.0,1.0,1.0,65.0,0.0,7.0,0.0
0.9675213675213676,0.0,566.0,585.0,1.0,1.0,13.0,0.0,7.0,0.0
0.7409638554216867,42.0,615.0,830.0,1.0,1.0,108.0,0.0,15.0,0.0
6.6923076923076925,52.0,174.0,26.0,1.0,1.0,12.0,0.0,11.0,0.0
0.884133611691023,0.0,847.0,958.0,1.0,1.0,209.0,0.0,14.0,0.0
1.0026833631484795,150.0,1121.0,1118.0,1.0,1.0,615.0,0.0,10.0,0.0
1.1778846153846154,4.0,245.0,208.0,1.0,1.0,2.0,2.0,12.0,0.0
0.8404494382022472,0.0,374.0,445.0,1.0,1.0,104.0,0.0,7.0,0.0
1.0140562248995983,0.0,505.0,498.0,1.0,0.0,64.0,0.0,9.0,0.0
0.325071496663489,33.0,341.0,1049.0,1.0,1.0,176.0,0.0,8.0,0.0
0.7974217311233885,1.0,433.0,543.0,1.0,1.0,288.0,0.0,12.0,0.0
0.658311345646438,0.0,499.0,758.0,1.0,1.0,23.0,2.0,13.0,0.0
0.8882521489971347,0.0,310.0,349.0,1.0,1.0,25.0,0.0,14.0,0.0
0.7819905213270142,40.0,330.0,422.0,1.0,1.0,799.0,0.0,11.0,0.0
0.7996965098634294,24.0,527.0,659.0,1.0,0.0,109.0,0.0,10.0,0.0
0.8777777777777778,0.0,79.0,90.0,1.0,1.0,0.0,0.0,7.0,0.0
0.6983154670750383,1.0,456.0,653.0,1.0,1.0,170.0,0.0,9.0,0.0
0.843915343915344,48.0,319.0,378.0,1.0,1.0,41.0,0.0,13.0,0.0
4.333333333333333,0.0,169.0,39.0,1.0,0.0,4.0,0.0,11.0,0.0
0.8574468085106383,23.0,403.0,470.0,1.0,1.0,47.0,0.0,10.0,0.0
1.134020618556701,31.0,550.0,485.0,1.0,1.0,84.0,0.0,11.0,0.0
1.3278688524590163,5.0,972.0,732.0,1.0,1.0,113.0,0.0,13.0,0.0
0.9583333333333334,0.0,161.0,168.0,1.0,1.0,59.0,0.0,8.0,0.0
0.8729446935724963,42.0,584.0,669.0,1.0,0.0,31.0,0.0,10.0,0.0
0.955849889624724,0.0,433.0,453.0,1.0,1.0,52.0,0.0,10.0,0.0
0.9808429118773946,56.0,512.0,522.0,1.0,1.0,88.0,0.0,10.0,0.0
0.6924050632911393,0.0,547.0,790.0,1.0,0.0,17.0,0.0,8.0,0.0
1.1720116618075802,98.0,402.0,343.0,1.0,1.0,1058.0,0.0,10.0,0.0
1.750242954324587,0.0,1801.0,1029.0,1.0,0.0,123.0,0.0,8.0,0.0
0.8821917808219178,50.0,322.0,365.0,1.0,1.0,122.0,0.0,6.0,0.0
1.4339360222531294,12.0,1031.0,719.0,1.0,0.0,99.0,0.0,13.0,0.0
1.1386271870794078,22.0,846.0,743.0,1.0,0.0,38.0,0.0,12.0,0.0
1.2105263157894737,5.0,460.0,380.0,1.0,1.0,67.0,0.0,12.0,0.0
0.9951690821256038,12.0,412.0,414.0,1.0,1.0,15.0,1.0,12.0,0.0
0.778021978021978,0.0,354.0,455.0,1.0,1.0,19.0,0.0,12.0,0.0
1.007936507936508,9.0,508.0,504.0,1.0,1.0,74.0,0.0,5.0,0.0
0.4412081984897519,6.0,409.0,927.0,1.0,1.0,32.0,0.0,7.0,0.0
0.28287841191067,13.0,228.0,806.0,1.0,1.0,0.0,0.0,13.0,0.0
1.0116279069767442,0.0,174.0,172.0,1.0,1.0,1.0,0.0,10.0,0.0
0.6896860986547085,25.0,769.0,1115.0,1.0,0.0,92.0,0.0,10.0,0.0
0.8293768545994066,0.0,559.0,674.0,1.0,1.0,13.0,0.0,14.0,0.0
1.1040462427745663,23.0,382.0,346.0,1.0,1.0,38.0,0.0,7.0,0.0
1.0119760479041915,19.0,338.0,334.0,1.0,1.0,30.0,0.0,13.0,0.0
0.9530386740331492,0.0,345.0,362.0,1.0,1.0,56.0,0.0,11.0,0.0
1.0194647201946472,33.0,419.0,411.0,1.0,1.0,38.0,0.0,13.0,0.0
1.0303030303030305,9.0,476.0,462.0,1.0,1.0,75.0,0.0,13.0,0.0
1.029585798816568,15.0,348.0,338.0,1.0,1.0,15.0,0.0,6.0,0.0
0.9341894060995184,0.0,582.0,623.0,1.0,1.0,36.0,0.0,14.0,0.0
0.8756855575868373,59.0,479.0,547.0,1.0,1.0,80.0,0.0,10.0,0.0
1.057057057057057,14.0,352.0,333.0,1.0,1.0,38.0,0.0,11.0,0.0
1.068014705882353,6.0,581.0,544.0,1.0,1.0,58.0,0.0,11.0,0.0
1.12,39.0,560.0,500.0,1.0,1.0,49.0,0.0,9.0,0.0
0.5162241887905604,10.0,525.0,1017.0,1.0,1.0,41.0,0.0,13.0,0.0
0.9397089397089398,0.0,452.0,481.0,1.0,1.0,82.0,0.0,6.0,0.0
1.121069182389937,3.0,713.0,636.0,1.0,1.0,118.0,0.0,13.0,0.0
0.9642857142857144,34.0,270.0,280.0,1.0,1.0,52.0,0.0,11.0,0.0
0.9976415094339622,40.0,423.0,424.0,1.0,1.0,169.0,0.0,12.0,0.0
0.982839313572543,1.0,630.0,641.0,1.0,1.0,93.0,0.0,17.0,0.0
0.9900221729490022,30.0,893.0,902.0,1.0,1.0,87.0,0.0,14.0,0.0
0.8087520259319287,14.0,499.0,617.0,1.0,1.0,56.0,0.0,12.0,0.0
0.8148148148148148,16.0,440.0,540.0,1.0,1.0,48.0,0.0,6.0,0.0
0.6787330316742082,0.0,300.0,442.0,1.0,1.0,36.0,0.0,12.0,0.0
0.7616580310880829,8.0,294.0,386.0,1.0,1.0,15.0,2.0,14.0,0.0
1.1116883116883116,50.0,428.0,385.0,1.0,1.0,18.0,0.0,14.0,0.0
0.997920997920998,0.0,480.0,481.0,1.0,1.0,72.0,0.0,11.0,0.0
1.2474226804123711,0.0,726.0,582.0,1.0,0.0,17.0,0.0,16.0,0.0
1.1105769230769231,26.0,924.0,832.0,1.0,1.0,596.0,0.0,9.0,0.0
0.9782945736434108,22.0,631.0,645.0,1.0,1.0,56.0,0.0,8.0,0.0
0.7215909090909091,22.0,254.0,352.0,1.0,1.0,94.0,0.0,15.0,0.0
0.8493723849372385,0.0,406.0,478.0,1.0,1.0,76.0,0.0,12.0,0.0
1.056461731493099,0.0,842.0,797.0,1.0,1.0,99.0,0.0,13.0,0.0
1.1937269372693726,21.0,647.0,542.0,1.0,1.0,36.0,0.0,14.0,0.0
1.160633484162896,0.0,513.0,442.0,1.0,1.0,50.0,0.0,14.0,0.0
0.9209809264305178,2.0,338.0,367.0,1.0,1.0,37.0,0.0,13.0,0.0
0.7805800756620429,98.0,619.0,793.0,1.0,1.0,272.0,0.0,7.0,0.0
0.7855946398659966,66.0,938.0,1194.0,1.0,1.0,27.0,0.0,14.0,0.0
1.2468085106382978,0.0,293.0,235.0,1.0,1.0,103.0,0.0,12.0,0.0
1.0483271375464684,0.0,564.0,538.0,1.0,1.0,71.0,0.0,13.0,0.0
0.9972565157750344,0.0,727.0,729.0,1.0,1.0,31.0,0.0,11.0,0.0
1.679144385026738,102.0,314.0,187.0,1.0,0.0,200.0,0.0,11.0,0.0
1.0124416796267497,39.0,651.0,643.0,1.0,1.0,171.0,0.0,15.0,0.0
0.8711340206185567,34.0,507.0,582.0,1.0,1.0,99.0,0.0,11.0,0.0
0.9518072289156626,14.0,632.0,664.0,1.0,1.0,31.0,0.0,10.0,0.0
1.0610997963340123,10.0,521.0,491.0,1.0,1.0,69.0,0.0,14.0,0.0
1.0263157894736843,41.0,468.0,456.0,1.0,1.0,12.0,0.0,6.0,0.0
0.8877721943048577,53.0,530.0,597.0,1.0,1.0,71.0,0.0,8.0,0.0
1.0241691842900302,48.0,339.0,331.0,1.0,1.0,4.0,0.0,12.0,0.0
0.9741602067183462,0.0,377.0,387.0,1.0,1.0,33.0,0.0,13.0,0.0
0.8346774193548387,0.0,414.0,496.0,1.0,1.0,60.0,0.0,10.0,0.0
0.7791970802919708,72.0,427.0,548.0,1.0,1.0,54.0,0.0,11.0,0.0
1.19910514541387,33.0,536.0,447.0,1.0,1.0,79.0,0.0,9.0,0.0
0.8666666666666667,8.0,481.0,555.0,1.0,1.0,29.0,0.0,11.0,0.0
0.6795580110497238,0.0,492.0,724.0,1.0,1.0,71.0,0.0,14.0,0.0
0.8831615120274914,139.0,257.0,291.0,1.0,1.0,19.0,2.0,10.0,0.0
0.8844984802431611,0.0,582.0,658.0,1.0,1.0,80.0,0.0,11.0,0.0
0.910761154855643,6.0,347.0,381.0,1.0,1.0,66.0,0.0,9.0,0.0
1.0,22.0,298.0,298.0,1.0,1.0,25.0,0.0,12.0,0.0
0.7834549878345499,23.0,322.0,411.0,1.0,1.0,12.0,0.0,11.0,0.0
0.9682539682539684,6.0,183.0,189.0,1.0,1.0,11.0,0.0,5.0,0.0
1.0030959752321982,0.0,324.0,323.0,1.0,1.0,114.0,0.0,10.0,0.0
0.6875,0.0,176.0,256.0,1.0,1.0,1.0,0.0,12.0,0.0
3.7113997113997113,3.0,2572.0,693.0,1.0,0.0,8.0,0.0,11.0,0.0
5.8688212927756656,132.0,3087.0,526.0,1.0,0.0,32.0,0.0,22.0,0.0
2.032579185520362,130.0,4492.0,2210.0,1.0,0.0,184.0,0.0,15.0,0.0
0.9476558944014564,94.0,2082.0,2197.0,1.0,0.0,875.0,0.0,7.0,0.0
3.8587786259541983,100.0,1011.0,262.0,1.0,0.0,132.0,0.0,17.0,0.0
0.0895883777239709,49.0,37.0,413.0,1.0,0.0,5.0,0.0,9.0,0.0
0.2173550271172298,118.0,521.0,2397.0,1.0,0.0,9.0,2.0,17.0,0.0
0.2807017543859649,26.0,16.0,57.0,1.0,1.0,4.0,2.0,14.0,0.0
0.5045454545454545,105.0,222.0,440.0,1.0,0.0,5.0,3.0,14.0,0.0
0.0116186955373646,0.0,44.0,3787.0,0.0,0.0,1.0,0.0,13.0,0.0
0.4486260454002389,0.0,2253.0,5022.0,1.0,0.0,172.0,7.0,15.0,0.0
0.7350993377483444,111.0,444.0,604.0,1.0,0.0,3.0,4.0,16.0,0.0
0.1573426573426573,0.0,360.0,2288.0,1.0,0.0,228.0,0.0,12.0,0.0
0.4913494809688581,0.0,142.0,289.0,1.0,0.0,7.0,0.0,12.0,0.0
0.4596774193548387,0.0,114.0,248.0,1.0,0.0,49.0,0.0,14.0,0.0
0.6343283582089553,0.0,340.0,536.0,1.0,0.0,4.0,4.0,15.0,0.0
0.4052098408104196,7.0,280.0,691.0,1.0,0.0,8.0,0.0,16.0,0.0
0.6690647482014388,0.0,93.0,139.0,1.0,0.0,3.0,0.0,12.0,0.0
0.3411764705882353,12.0,58.0,170.0,1.0,0.0,20.0,0.0,9.0,0.0
0.2564901349948079,78.0,247.0,963.0,1.0,0.0,30.0,0.0,10.0,0.0
0.2093889716840536,60.0,281.0,1342.0,1.0,0.0,327.0,5.0,9.0,0.0
0.8197064989517819,15.0,1173.0,1431.0,1.0,0.0,3.0,0.0,10.0,0.0
0.5214521452145214,51.0,158.0,303.0,1.0,0.0,2.0,2.0,11.0,0.0
0.0866336633663366,0.0,70.0,808.0,1.0,0.0,6.0,1.0,9.0,0.0
1.8672566371681416,50.0,1266.0,678.0,1.0,0.0,1.0,0.0,13.0,0.0
1.5038167938931295,3.0,197.0,131.0,0.0,0.0,1.0,0.0,12.0,0.0
3.364864864864865,12.0,498.0,148.0,1.0,0.0,2.0,4.0,12.0,0.0
2.949826989619377,25.0,1705.0,578.0,1.0,0.0,6.0,2.0,14.0,0.0
0.3900955690703735,0.0,449.0,1151.0,0.0,1.0,84.0,0.0,9.0,0.0
0.1945925361766945,140.0,1022.0,5252.0,1.0,0.0,2.0,3.0,10.0,0.0
0.0666666666666666,0.0,1.0,15.0,1.0,1.0,0.0,0.0,10.0,0.0
1.188715953307393,94.0,611.0,514.0,1.0,0.0,36.0,0.0,12.0,0.0
0.1642857142857142,57.0,23.0,140.0,1.0,0.0,0.0,0.0,10.0,0.0
0.3149236192714453,0.0,804.0,2553.0,1.0,0.0,25.0,5.0,18.0,0.0
3.4642857142857144,68.0,291.0,84.0,1.0,0.0,5.0,1.0,11.0,0.0
1.8333333333333333,16.0,77.0,42.0,1.0,0.0,5.0,0.0,16.0,0.0
1.058679706601467,31.0,433.0,409.0,1.0,0.0,3.0,0.0,12.0,0.0
3.262295081967213,73.0,199.0,61.0,1.0,0.0,1.0,0.0,12.0,0.0
1.2529182879377432,0.0,322.0,257.0,1.0,0.0,3.0,0.0,12.0,0.0
1.1806451612903226,0.0,183.0,155.0,1.0,0.0,1.0,0.0,10.0,0.0
0.1573498964803312,0.0,152.0,966.0,1.0,0.0,6.0,0.0,9.0,0.0
0.181265206812652,83.0,149.0,822.0,1.0,0.0,6.0,0.0,13.0,0.0
0.7816455696202531,108.0,247.0,316.0,1.0,0.0,3.0,0.0,9.0,0.0
0.2132104454685099,84.0,694.0,3255.0,1.0,0.0,8.0,2.0,15.0,0.0
0.1967100753941055,10.0,287.0,1459.0,1.0,0.0,8.0,4.0,13.0,0.0
0.1765873015873016,82.0,801.0,4536.0,1.0,0.0,9.0,3.0,15.0,0.0
0.0358361774744027,54.0,21.0,586.0,1.0,0.0,3.0,0.0,12.0,0.0
0.0594059405940594,135.0,12.0,202.0,1.0,0.0,2.0,0.0,12.0,0.0
0.1808972503617945,15.0,125.0,691.0,1.0,0.0,3.0,3.0,14.0,0.0
0.0326797385620915,70.0,25.0,765.0,1.0,0.0,2.0,0.0,16.0,0.0
0.091699604743083,75.0,116.0,1265.0,1.0,0.0,3.0,0.0,18.0,0.0
0.4861111111111111,0.0,140.0,288.0,1.0,0.0,5.0,0.0,13.0,0.0
0.7704918032786885,57.0,47.0,61.0,1.0,0.0,7.0,0.0,15.0,0.0
0.7946428571428571,0.0,89.0,112.0,1.0,1.0,3.0,2.0,12.0,0.0
0.4285714285714285,0.0,12.0,28.0,1.0,1.0,1.0,4.0,14.0,0.0
0.7770114942528735,0.0,338.0,435.0,1.0,1.0,7.0,0.0,10.0,0.0
0.8519961051606622,24.0,875.0,1027.0,1.0,0.0,2.0,0.0,17.0,0.0
0.6126279863481229,48.0,359.0,586.0,1.0,1.0,8.0,0.0,12.0,0.0
0.4815825375170532,32.0,353.0,733.0,1.0,1.0,5.0,0.0,7.0,0.0
0.1503067484662576,0.0,49.0,326.0,1.0,0.0,7.0,0.0,14.0,0.0
0.3790322580645161,0.0,47.0,124.0,1.0,1.0,3.0,0.0,13.0,0.0
0.3389830508474576,3.0,40.0,118.0,0.0,0.0,4.0,0.0,13.0,0.0
0.7480106100795756,37.0,282.0,377.0,1.0,1.0,9.0,0.0,12.0,0.0
0.5263157894736842,0.0,160.0,304.0,1.0,1.0,5.0,0.0,10.0,0.0
1.1523809523809525,54.0,605.0,525.0,1.0,0.0,6.0,0.0,9.0,0.0
1.263157894736842,130.0,816.0,646.0,1.0,0.0,9.0,1.0,15.0,0.0
0.7890410958904109,8.0,288.0,365.0,1.0,1.0,4.0,0.0,14.0,0.0
0.5745192307692307,27.0,239.0,416.0,1.0,1.0,8.0,0.0,14.0,0.0
0.6047430830039525,0.0,153.0,253.0,1.0,1.0,8.0,0.0,12.0,0.0
0.3333333333333333,0.0,21.0,63.0,1.0,0.0,1.0,4.0,14.0,0.0
0.4408602150537634,0.0,41.0,93.0,1.0,1.0,1.0,0.0,9.0,0.0
0.6666666666666666,0.0,32.0,48.0,1.0,0.0,4.0,0.0,17.0,0.0
0.1780821917808219,56.0,13.0,73.0,1.0,1.0,8.0,0.0,12.0,0.0
0.0864553314121037,149.0,30.0,347.0,1.0,0.0,1.0,2.0,9.0,0.0
0.243272926963207,0.0,443.0,1821.0,1.0,0.0,8.0,0.0,14.0,0.0
0.3053750738334317,67.0,517.0,1693.0,1.0,0.0,6.0,4.0,12.0,0.0
0.2211981566820276,0.0,144.0,651.0,1.0,1.0,8.0,0.0,11.0,0.0
0.1045891141942369,0.0,98.0,937.0,1.0,0.0,8.0,0.0,15.0,0.0
0.7468354430379747,0.0,177.0,237.0,1.0,1.0,9.0,2.0,12.0,0.0
0.7804232804232805,27.0,295.0,378.0,1.0,1.0,1.0,1.0,13.0,0.0
0.9454545454545454,0.0,156.0,165.0,1.0,0.0,8.0,0.0,16.0,0.0
0.108695652173913,105.0,5.0,46.0,1.0,0.0,7.0,0.0,15.0,0.0
0.8023255813953488,0.0,207.0,258.0,1.0,0.0,4.0,2.0,12.0,0.0
0.6370967741935484,105.0,316.0,496.0,1.0,0.0,5.0,0.0,16.0,0.0
0.4782608695652174,0.0,22.0,46.0,1.0,1.0,1.0,0.0,13.0,0.0
0.4375,0.0,70.0,160.0,1.0,1.0,4.0,0.0,5.0,0.0
0.7192118226600985,7.0,146.0,203.0,1.0,1.0,4.0,0.0,6.0,0.0
0.5348360655737705,0.0,261.0,488.0,1.0,1.0,3.0,0.0,11.0,0.0
0.7354838709677419,6.0,342.0,465.0,1.0,1.0,3.0,0.0,7.0,0.0
0.456359102244389,0.0,183.0,401.0,1.0,1.0,9.0,0.0,20.0,0.0
0.314070351758794,97.0,250.0,796.0,1.0,0.0,9.0,0.0,20.0,0.0
0.7164179104477612,3.0,96.0,134.0,1.0,1.0,9.0,0.0,20.0,0.0
0.4434250764525994,139.0,145.0,327.0,1.0,0.0,6.0,0.0,14.0,0.0
0.8795180722891566,0.0,146.0,166.0,1.0,1.0,4.0,4.0,10.0,0.0
0.1218836565096952,0.0,44.0,361.0,0.0,0.0,2.0,0.0,15.0,0.0
0.2533589251439539,113.0,792.0,3126.0,1.0,0.0,6.0,0.0,20.0,0.0
0.1371428571428571,110.0,312.0,2275.0,1.0,0.0,5.0,0.0,12.0,0.0
0.5932914046121593,0.0,283.0,477.0,1.0,1.0,5.0,2.0,8.0,0.0
0.2380612972202423,0.0,1002.0,4209.0,1.0,0.0,9.0,2.0,16.0,0.0
0.3556231003039514,93.0,234.0,658.0,1.0,0.0,2.0,0.0,14.0,0.0
0.903954802259887,0.0,160.0,177.0,1.0,0.0,2.0,0.0,12.0,0.0
0.3743218806509946,0.0,207.0,553.0,1.0,0.0,9.0,2.0,11.0,0.0
2.090909090909091,21.0,46.0,22.0,1.0,0.0,4.0,0.0,18.0,0.0
1.0476190476190477,22.0,154.0,147.0,1.0,0.0,5.0,0.0,14.0,0.0
1.0344827586206895,47.0,60.0,58.0,1.0,0.0,6.0,0.0,13.0,0.0
1.2113821138211385,0.0,149.0,123.0,1.0,0.0,1.0,0.0,15.0,0.0
0.373015873015873,0.0,188.0,504.0,1.0,1.0,3.0,0.0,9.0,0.0
0.1894189891355692,0.0,401.0,2117.0,1.0,0.0,3.0,1.0,10.0,0.0
0.210758377425044,145.0,239.0,1134.0,1.0,0.0,9.0,0.0,19.0,0.0
0.610738255033557,0.0,91.0,149.0,1.0,0.0,7.0,0.0,18.0,0.0
0.0996168582375478,28.0,78.0,783.0,1.0,0.0,1.0,0.0,11.0,0.0
0.2611218568665377,44.0,135.0,517.0,1.0,0.0,4.0,4.0,11.0,0.0
0.2466585662211421,71.0,203.0,823.0,1.0,0.0,4.0,0.0,12.0,0.0
